id	category	name	name_en	keywords	hero_tagline	is_premium	is_common	season_curve	harvest_months	peak_months	brix	acidity	gi_value	calories	energy_index	moisture	aroma	price_level	skin_edible	seed_edible	color_hex	origin	best_origin	texture_desc	good_for	bad_for	safety_warning	guide_appearance	guide_detail	guide_tactile	guide_sense	storage_guide	trivia	nutritional_value	scenario	relief_symptoms	relief_mechanism
tomato_orange_honey	小番茄	橙蜜香小番茄	Orange Honey Tomato	橙蜜香,黃番茄	高雄美濃冬季限定，帶有獨特橙香	TRUE		[10,10,8,4,0,0,0,0,0,0,0,5]	[12,1,2,3,4]	[1,2]	11	4	30	33	-1	7	6	3	Yes	Swallow	#FFA500	國產	高雄美濃	果皮較厚實Q彈，肉質紮實，有嚼勁	口乾舌燥、食慾不振	胃酸過多、體寒	無特殊高風險	果色金黃橙亮	蒂頭翠綠	手感結實，果皮較一般紅番茄厚	帶有淡淡柳橙香氣	常溫通風保存，冷藏會影響風味	只有冬天到春天吃得到，皮厚是因為要鎖住特殊香氣。	富含β-胡蘿蔔素、維生素C及葉酸，皮含豐富纖維。	懶人免動刀,低卡減負,酸甜開胃,家庭分享	美白抗氧化,幫助消化/解膩,順暢排便	β-胡蘿蔔素轉化維生素A護膚；酸甜生津開胃。
tomato_saint	小番茄	聖女小番茄	Saint Tomato	聖女,紅番茄	古早味小番茄，酸甜有致，皮脆汁多		TRUE	[10,9,8,6,4,2,0,0,0,2,6,9]	[11,12,1,2,3,4,5]	[1,2]	9	5	30	32	-1	8	3	2	Yes	Swallow	#FF4500	國產	台南鹽水	口感脆硬，皮較厚，酸甜比明顯	減重、缺乏維C	胃潰瘍、生理期	無特殊高風險	果形長圓，顏色鮮紅	蒂頭完整	手感硬實	無特殊香氣，檢查有無裂果	常溫或冷藏皆可	聖女其實是老品種，現在市面上很多是改良的「小女」或「玉女」。	茄紅素含量高，富含膳食纖維與維生素C。	低卡減負,懷舊古早味,懶人免動刀	美白抗氧化,順暢排便	茄紅素抗氧化；纖維助排便。
tomato_rosy	小番茄	玉女小番茄	Rosy Tomato	玉女,甘仔蜜,紅番茄	皮薄爆漿的紅色珍珠，洗乾淨就能吃的懶人維他命	TRUE		[10,10,9,8,6,3,1,1,2,5,8,10]	[11,12,1,2,3,4,5]	[12,1,2]	11	4	30	30	-1	9	2	3	Yes	Swallow	#DC143C	國產	嘉義六腳	皮極薄，咬下爆漿，肉質細緻	口乾舌燥、食慾不振、減重	體質虛寒、容易胃痛者(生食易刺激)	**慢性腎臟病 (限鉀)**：番茄鉀含量較高，腎友需川燙去除鉀離子或限量。	果色鮮紅均勻，無綠肩	蒂頭宿存萼片要翠綠，枯黃代表久放	果實飽滿緊實，按壓不軟塌	無特殊香氣，檢查有無裂果	冷藏保存，蒂頭若自行脫落代表過熟，需盡快吃完	玉女番茄皮薄到幾乎感覺不到，所以很容易裂果，種植難度高。	富含茄紅素（Lycopene）、維生素C及膳食纖維，抗氧化力強。	懶人免動刀,低卡減負,美顏補氣,家庭分享	美白抗氧化,順暢排便,血壓調節	茄紅素抗氧化保護血管；低GI低熱量助代謝。
papaya_tainung2	木瓜	台農二號木瓜	Tainung No. 2 Papaya	木瓜	肉紅味甜，台灣最常見的木瓜		TRUE	[7,7,7,8,9,9,9,9,9,8,8,7]	[1,2,3,4,5,6,7,8,9,10,11,12]	[9,10]	12	1	55	38	1	7	6	2	No	No	#FF8C00	國產	屏東高樹	肉質細緻，口感軟嫩，香甜	消化不良、胃痛（適量）、產後缺乳	孕婦（生食）、體質偏寒	無特殊高風險	果皮轉黃（5溝黃即可）	果肚飽滿，無畸形	按壓溝槽微軟（代表熟）	無腐爛味，蒂頭無白黴	室溫催熟至全黃冷藏	木瓜酵素有助於消化蛋白質，飯後吃最好。	富含木瓜酵素、維生素A、C及β-胡蘿蔔素。	順暢排空,軟糯好咬	幫助消化/解膩,順暢排便,美白抗氧化	木瓜酵素助蛋白質分解；纖維助排便。
papaya_sunrise	木瓜	日昇木瓜	Sunrise Papaya	網室木瓜	個頭小，香氣濃郁，甜度極高	TRUE		[6,6,6,7,8,9,9,9,8,7,6,6]	[1,2,3,4,5,6,7,8,9,10,11,12]	[9,10]	14	1	58	42	1	7	7	3	No	No	#FFA500	國產	台南大內	肉質極細，口感綿密，香氣濃	肉食積滯、便秘	孕婦（生食）	無特殊高風險	體型小巧，兩頭尖	果皮光滑，轉色均勻	肉質細緻，手感軟	獨特花香，聞蒂頭最準	室溫催熟後冷藏	雖然小顆，但香氣跟甜度通常比大木瓜更好。	香氣濃，維生素A與鉀含量豐富。	懶人免動刀,老饕最愛	幫助消化/解膩,順暢排便	酵素含量豐富，適合單人食用解膩。
papaya_red_lady	木瓜	紅妃木瓜	Red Lady Papaya	大木瓜	果實碩大肉厚，產量高			[7,7,7,8,9,9,9,9,9,8,8,7]	[1,2,3,4,5,6,7,8,9,10,11,12]	[9,10]	11	1	52	40	1	8	4	2	No	No	#FF4500	國產	高雄杉林	肉厚紮實，口感較硬，汁多	便秘、消化不良	腹瀉、孕婦	無特殊高風險	體型巨大（可達3斤）	肉厚籽少，果皮厚	口感紮實，不軟爛	甜度中等，檢查有無壓傷	室溫催熟後冷藏	因為很大顆肉又厚，通常用來打木瓜牛奶。	果肉紅，茄紅素與β-胡蘿蔔素含量高。	家庭分享,料理加工	幫助消化/解膩,順暢排便	紅肉富含β-胡蘿蔔素與維生素A。
papaya_green	木瓜	青木瓜	Green Papaya	生木瓜	未熟木瓜，涼拌燉湯專用			[8,8,8,9,10,10,10,10,10,9,8,8]	[1,2,3,4,5,6,7,8,9,10,11,12]	[5,6]	4	5	30	28	-1	6	2	1	No	No	#32CD32	國產	屏東長治	口感硬脆，適合涼拌，無甜味	產後乳汁不足、跌打損傷	孕婦（含收縮成分）、胃寒	無特殊高風險	果皮青綠，無黃斑	果肉硬白，按壓不軟	無斑點，手感硬	無香氣，檢查表皮有無蟲咬	冷藏保存	青木瓜不是品種，是木瓜還沒熟的狀態，富含木瓜酵素。	木瓜酵素含量最高，有助蛋白質分解，適合燉湯涼拌。	料理加工,特殊護理	幫助消化/解膩,補氣血/暖身	酵素含量最高，燉湯可通乳與助消化。
dragonfruit_red	火龍果	紅肉火龍果	Red Pitaya	火龍果,仙蜜果	含甜菜紅素，抗氧化通便神物		TRUE	[1,0,0,1,5,9,10,10,9,8,6,3]	[5,6,7,8,9,10,11]	[7,8]	18	1	50	50	-1	8	3	2	No	Swallow	#C71585	國產	彰化二林	口感軟糯，汁多，甜度高	嚴重便秘、貧血、高血壓	腹瀉、生理期、糖尿病	無特殊高風險	鱗片短且密集	果身圓潤，鱗片紅	甜度高，手感軟	無特殊香氣，檢查鱗片有無腐爛	冷藏保存	吃完隔天排泄物會變紅色是正常的，不要嚇到報警。	富含甜菜紅素（Betalain），具抗氧化與潤腸通便效果。	順暢排空,美顏補氣	順暢排便,血壓調節,抗發炎/免疫調節	種子與果肉纖維促進強烈蠕動；甜菜紅素抗氧化護血管。
dragonfruit_white	火龍果	白肉火龍果	White Pitaya	火龍果	膳食纖維豐富，口感爽脆清甜			[1,0,0,1,4,8,10,10,9,8,5,2]	[6,7,8,9,10,11]	[7,8]	12	2	45	51	-1	8	2	2	No	Swallow	#FFFAF0	國產	南投集集	口感爽脆，帶有嚼勁，清甜	便秘、糖尿病（控糖）、燥熱	脾胃虛寒、經期	無特殊高風險	鱗片長且綠	果身橢圓	口感爽脆	帶有草香味，檢查底部有無發霉	冷藏保存	白肉的纖維比紅肉多，紅肉的甜度比白肉高。	膳食纖維含量略高於紅肉，富含鉀與維生素C。	順暢排空,低卡減負	順暢排便,血壓調節	膳食纖維含量略高於紅肉，通便效果佳。
dragonfruit_yellow	火龍果	麒麟果	Yellow Pitaya	黃皮火龍果,燕窩果	黃皮白肉，口感像燕窩，滑嫩清甜	TRUE		[3,2,1,1,3,6,9,10,9,7,5,4]	[6,7,8,9,10]	[8,9]	20	1	55	55	-1	7	4	5	No	Swallow	#FFD700	國產	南投名間	口感滑溜，像燕窩，肉質細緻	頑固型便秘、免疫力差	腹瀉（滑腸）、體虛	**強力通便**。	果皮黃色有刺（或已去刺）	果肉透明，種子大	口感滑溜，手感軟	清甜無酸，檢查有無黑斑	冷藏保存	又稱「燕窩果」，通便效果非常強烈，建議一次不要吃太多。	種子大且多，促進腸道蠕動效果極強，富含維生素C。	順暢排空,體面送禮	順暢排便,補水/消水腫	種子大且多，促進腸道蠕動效果極強。
dragonfruit_bicolor	火龍果	雙色火龍果	Bi-color Pitaya	漸層火龍果	紅白漸層果肉，兼具脆與甜			[1,0,0,1,4,8,10,10,9,8,5,2]	[6,7,8,9,10,11]	[7,8]	15	2	48	50	-1	8	3	3	No	Swallow	#FF69B4	國產	彰化二林	兼具脆與軟的口感，層次豐富	便秘、火氣大	腹瀉、體寒	無特殊高風險	外觀似紅肉	切開紅白相間	口感脆甜	無特殊香氣，檢查鱗片完整度	冷藏保存	是白肉跟紅肉雜交的品種，切開非常漂亮。	兼具紅白肉營養，含有甜菜紅素與膳食纖維。	稀有嘗鮮	順暢排便,護眼明目	兼具紅白肉優點，高纖通便。
melon_musk	瓜類	網紋洋香瓜	Muskmelon	哈密瓜(俗稱)	如藝術品般的網紋，果肉軟濡香甜			[6,4,3,5,7,9,10,8,6,5,7,8]	[5,6,7,11,12]	[7,12]	15	1	65	38	-1	8	8	4	No	Yes	#90EE90	進口	日本靜岡	肉質軟糯，入口即化，汁多味甜	暑熱煩渴、小便不利	產後、病後虛弱、腹瀉	**高糖警示**。	網紋立體密集（越密越好）	蒂頭呈現T字形	底部按壓微軟（代表熟）	濃郁奶香，聞蒂頭最準	室溫後熟至底部微軟冷藏	日本阿伯勒（Earl's）品種是最高等級，一株只留一顆果。	富含維生素A（β-胡蘿蔔素）、維生素C及鉀。	體面送禮,螞蟻人	補水/消水腫,血壓調節,順暢排便	高鉀含量有助於排除鈉離子。
melon_earls	瓜類	阿魯斯哈密瓜	Earl's Melon	日本哈密瓜	哈密瓜界的愛馬仕，入口即化	TRUE		[5,3,2,4,6,8,10,8,6,4,6,7]	[6,7,11,12]	[7,12]	16	1	65	40	-1	9	9	5	No	Yes	#98FB98	進口	日本靜岡	口感綿密，如冰淇淋般融化，極致軟嫩	煩熱口乾、便秘	脾胃虛寒、腳氣病	無特殊高風險	網紋極度立體，分布均勻	T字蒂頭飽滿翠綠	手感沉重	麝香濃郁，檢查底部有無發霉	室溫後熟後冷藏	在日本，完美的阿魯斯哈密瓜會被用來當作探病的高級禮品。	肉質細緻，富含胺基酸（GABA）、維生素C及鉀。	體面送禮,老饕最愛,螞蟻人	補水/消水腫,舒壓助眠,血壓調節	含有GABA（氨基丁酸），有助放鬆神經。
melon_honeydew	瓜類	光皮洋香瓜	Honeydew Melon	白蘭瓜,美濃瓜	表皮光滑如玉，口感脆甜清爽			[3,2,4,7,9,10,9,6,3,2,2,2]	[4,5,6,7,8]	[6,7]	14	1	60	36	-1	8	5	2	No	Yes	#F0FFF0	國產	台南東山	口感脆甜，肉質紮實，不軟爛	口臭、便秘、水腫	腹瀉、體寒	無特殊高風險	果皮光滑無傷	顏色白皙微黃	按壓微軟（可食）	清香淡雅，無發酵味	冷藏保存	跟網紋哈密瓜不同，光皮瓜通常吃起來比較脆。	果肉多為綠色或白色，富含維生素C與鉀，維生素A較紅肉瓜少。	酸甜開胃,家庭分享	補水/消水腫,順暢排便	水分與纖維幫助軟化糞便。
melon_hami	瓜類	新疆哈密瓜	Hami Melon	哈密瓜	梭子型外觀，口感脆甜帶奶香			[2,1,0,0,0,1,5,9,10,8,4,1]	[7,8,9,10]	[9]	17	1	68	45	-1	6	7	3	No	Yes	#FFA07A	國產	中國新疆	口感極脆，肉質硬實，甜度高	貧血、腎病（需鉀者）、便秘	糖尿病、腳氣病、腹脹	**高糖警示**。	果形長橢圓	網紋稀疏，底色金黃	果身硬實	獨特哈密瓜香，檢查有無軟爛	室溫保存	古時候是進貢給清朝皇帝的貢瓜，故名哈密瓜。	果肉橘紅，富含β-胡蘿蔔素、維生素C及糖分。	螞蟻人,家庭分享	補水/消水腫,血壓調節	橘肉富含β-胡蘿蔔素，轉化為維生素A補血護眼。
melon_honey_world	瓜類	狀元瓜	Honey World Melon	網紋瓜	白皮網紋，肉質細緻，甜度穩定			[2,2,4,7,9,10,8,5,2,1,1,1]	[4,5,6,7]	[6]	15	1	65	38	-1	8	6	2	No	Yes	#FFFFE0	國產	嘉義太保	肉質細緻，口感脆甜，汁多	暑熱、口乾	體寒、頻尿	無特殊高風險	果皮白色帶稀疏網紋	果形圓潤，大小適中	蒂頭乾燥	清甜多汁，檢查有無裂果	冷藏保存	因為容易栽培且產量穩，有「狀元」之美稱。	糖度穩定，含有維生素C、B群及礦物質。	家庭分享	補水/消水腫,順暢排便	高水分與鉀助代謝。
melon_oriental	瓜類	美濃瓜	Oriental Melon	香瓜,梨仔瓜	皮薄可吃，香甜多汁的東方甜瓜		TRUE	[1,1,3,7,9,10,9,6,3,1,1,1]	[4,5,6,7,8]	[6,7]	14	1	60	35	-1	8	8	2	Yes	Yes	#F5F5DC	國產	嘉義民雄	肉質細緻，口感香甜軟濡，汁多	便秘、中暑、口渴	生理期、脾虛便溏	無特殊高風險	果皮銀白微黃	底部臍平（代表熟）	手感沉重	香氣濃烈，聞底部最準	室溫放至聞到香氣後冷藏	美濃瓜如果不削皮，皮的營養價值其實很高。	香氣濃，連皮籽食用可攝取更多纖維與維生素C。	懷舊古早味,生津解渴	補水/消水腫,順暢排便,解酒/宿醉	連籽吃纖維更高，瓜蒂處含苦味素催吐（古法，慎用）。
melon_korean	瓜類	韓國香瓜	Korean Melon	香瓜	金黃外皮白條紋，口感像梨子般脆			[1,1,3,7,9,10,9,6,3,1,1,1]	[5,6,7]	[6]	14	1	60	34	-1	7	6	3	Yes	Yes	#FFFF00	進口	韓國星州	口感像梨子般脆硬，肉質紮實	水腫、暑熱	體寒、腹瀉	無特殊高風險	黃皮白條紋（間隔明顯）	果形小巧，蒂頭鮮	手感硬實	香氣特殊，檢查溝槽有無變黑	冷藏保存	在韓國連籽都會一起吃，據說對腸胃好。	富含鈣、磷及維生素C，種子含有亞麻油酸。	稀有嘗鮮	補水/消水腫,順暢排便	食用種子可增加纖維與亞麻油酸攝取。
melon_aurora	瓜類	卡蜜拉哈密瓜	Aurora Melon	嘉義極光	瓜界愛馬仕，皮薄如紙，整顆可吃	TRUE		[3,2,4,7,9,10,9,6,3,4,6,5]	[4,5,6,7,11]	[6,11]	16	1	65	38	-1	6	5	4	Yes	Yes	#FFA500	國產	嘉義極光	口感極脆，像吃水梨，肉質細緻	煩熱口渴、便秘	脾胃虛寒、拉肚子	無特殊高風險	網紋細緻，分佈均勻	皮極薄，看得到果肉色	口感像水梨般硬脆	有特殊焦糖香，檢查有無撞傷	冷藏保存	嘉義極光（Aurora）是專屬商標，有身分證的哈密瓜。	口感脆甜，富含膳食纖維、維生素C及鉀。	體面送禮,螞蟻人	補水/消水腫,順暢排便	口感脆纖維足，促進腸胃蠕動。
pepino_melon	瓜類	人蔘果	Pepino Melon	香瓜茄,仙果	低糖高水份，帶有淡淡哈密瓜香氣			[2,3,5,7,8,7,5,4,4,5,6,4]	[3,4,5,6,7,8]	[5,6]	6	1	25	27	-1	9	6	3	Yes	Swallow	#FFFACD	國產	澎湖	口感像哈密瓜加小黃瓜，軟嫩多汁	糖尿病、口乾舌燥、水腫	頻尿、體寒	無特殊高風險	果皮金黃帶紫色條紋	表皮光滑	按壓微軟	淡雅的瓜果香	常溫後熟，變軟更香甜	雖然叫人蔘果，但跟人蔘完全沒關係，是茄科植物。	低糖低卡，富含鉀與維生素C，適合需控糖者食用。	低卡減負,稀有嘗鮮,軟糯好咬,生津解渴	補水/消水腫,血壓調節	高鉀低鈉助排水；低糖適合控糖族群。
sugarcane_red	甘蔗	紅甘蔗	Red Sugarcane	甘蔗	啃食專用，汁多清甜，考驗牙齒		TRUE	[9,10,9,8,5,2,1,1,2,5,8,9]	[10,11,12,1,2,3,4]	[12,1]	18	1	60	58	0	6	4	1	No	No	#8B0000	國產	南投埔里	肉質硬脆，纖維粗，汁多味甜	口乾舌燥、大便乾結、反胃嘔吐	糖尿病、胃寒嘔吐	**高糖警示**。	皮色紫紅有粉	節間長，粗細均勻	切口新鮮，無紅心（病變）	汁多味甜，檢查表皮有無蟲蛀	切段冷藏	烤過的甘蔗汁可以止咳化痰，是古老的偏方。	主要提供蔗糖，含有鐵、鈣、磷及維生素B群。	生津解渴	潤喉養肺,解酒/宿醉,順暢排便	甘涼滋潤，生津解酒，潤喉。
passionfruit_tainung1	百香果	台農一號百香果	Tainung No. 1 Passion Fruit	百香果,時計果	紫紅色外皮，酸甜香氣炸彈		TRUE	[2,1,1,3,5,7,10,10,10,9,8,4]	[7,8,9,10,11,12,1]	[8,9]	17	9	45	66	0	8	10	2	No	Swallow	#800080	國產	南投埔里	果肉為膠狀囊泡，口感滑順酸甜	咽喉炎、便秘、食慾不振	胃潰瘍、胃酸過多	無特殊高風險	果皮紫紅均勻	拿起來沉甸甸（水多）	搖晃無水聲（果肉分離）	香氣濃烈，皮皺更甜	通風保存，皮皺更甜	百香果放越久皮越皺，酸度會降低，甜度會跑出來。	富含維生素A、C、鎂、磷、鐵及膳食纖維（種子）。	料理加工,酸甜開胃	順暢排便,舒壓助眠,美白抗氧化	種子富含纖維；維生素A與類黃酮護眼。
passionfruit_golden	百香果	黃金百香果	Golden Passion Fruit	甜百香	甜度高酸度低，帶有濃郁花香	TRUE		[1,0,0,1,4,7,10,10,9,8,5,2]	[7,8,9,10]	[8,9]	18	6	48	68	0	8	9	3	No	Swallow	#FFD700	國產	台中新社	果肉飽滿，汁多味甜，無酸感	焦慮失眠、便秘	糖尿病、胃酸過多	無特殊高風險	果皮金黃色	果形較大，蒂頭綠	甜度極高，無酸味	有芭樂+花香，檢查果皮有無發霉	冷藏保存	切開直接吃也不會覺得酸，是百香果界的甜點。	酸度低，維生素C與類黃酮含量豐富。	螞蟻人	順暢排便,美白抗氧化,護眼明目	香氣與甜味舒緩情緒；纖維助排便。
passionfruit_starry	百香果	滿天星百香果	Starry Passion Fruit	蜜糖百香	外皮有斑點，甜度高，口感滑順	TRUE		[1,0,0,1,4,7,10,10,9,8,5,2]	[7,8,9,10]	[8,9]	17	4	48	67	0	8	7	3	No	Swallow	#C71585	國產	南投埔里	口感滑順，甜度高，酸度低	視力疲勞、便秘	胃酸過多	無特殊高風險	果皮紫紅有白點	果粒飽滿，果皮厚	幾乎無酸味	清甜口感，檢查果皮完整	冷藏保存	因為表皮有像星星一樣的斑點而得名，甜度比台農一號高。	甜度高，含有維生素A、C及多種植化素。	螞蟻人,稀有嘗鮮	順暢排便,舒壓助眠	維生素A含量高。
watermelon_red	西瓜	大紅西瓜	Red Watermelon	西瓜,華寶	沙沙口感，消暑解渴第一名		TRUE	[2,1,2,5,8,10,10,9,6,4,2,1]	[4,5,6,7,8,9]	[6,7]	11.5	1	72	32	-2	10	4	1	No	No	#FF6347	國產	花蓮壽豐	口感沙沙的（沙瓤），水分極多，甜度高	中暑發燒、口渴心煩、水腫	夜尿、生理期、脾胃虛寒	**高GI警示**：血糖上升快。	果皮花紋清晰	蒂頭捲曲乾燥（代表熟）	拍打聲「咚咚」響（肉聲）	底部黃色區塊小（代表皮薄）	切開後需封保鮮膜冷藏	西瓜底部的圈圈越小，代表皮越薄。	富含茄紅素（Lycopene）、瓜胺酸及水分，利尿消水腫。	生津解渴,家庭分享	補水/消水腫,解酒/宿醉,血壓調節	瓜胺酸促進尿素代謝排水；水分解熱排毒。
watermelon_yellow	西瓜	小玉西瓜	Yellow Watermelon	黃肉西瓜	口感細緻清甜，適合小家庭			[3,2,4,7,9,10,10,8,5,3,2,1]	[4,5,6,7,8]	[6,7]	12	1	72	30	-2	10	4	2	No	No	#FFFF00	國產	雲林二崙	肉質細緻，口感脆甜，無沙感	暑熱煩渴、小便不利	體寒、腹瀉、糖尿病	**高GI警示**。	果形橢圓較小	條紋整齊清晰	皮薄，拍打聲清脆	無特殊香氣，檢查有無裂痕	冷藏保存	以前傳說黃肉是打針？當然是假的，那是品種不同（如新蘭）。	含有葉黃素與β-胡蘿蔔素，水分豐富，鉀含量適中。	生津解渴,家庭分享	補水/消水腫,解酒/宿醉,潤喉養肺	鉀離子與瓜胺酸利尿降壓。
watermelon_black_beauty	西瓜	黑美人西瓜	Black Beauty Watermelon	長西瓜	皮黑肉紅，甜度高肉質緊實			[3,2,4,7,9,10,10,8,5,3,2,1]	[4,5,6,7,8]	[6,7]	13	1	72	33	-2	9	4	1	No	No	#2E8B57	國產	雲林崙背	肉質緊實，口感脆，不易起沙	熱病津傷、咽痛	手腳冰冷、拉肚子	**高GI警示**。	果皮深綠近黑	果形長橢圓	肉質不易崩裂	甜度穩定，檢查蒂頭是否乾燥	冷藏保存	因為皮色深吸熱快，通常會比一般西瓜早熟。	肉質緊實，糖分高，富含茄紅素與鉀。	生津解渴,家庭分享	補水/消水腫,解酒/宿醉,血壓調節	大量水分降火氣，改善因燥熱引起的口臭。
watermelon_seedless	西瓜	無籽西瓜	Seedless Watermelon	無子西瓜	大口吃瓜不吐籽，懶人福音			[2,1,2,5,8,10,10,9,6,4,2,1]	[5,6,7,8]	[6,7]	12	1	72	31	-2	10	3	2	No	None	#FF4500	國產	花蓮鳳林	口感脆爽，無籽干擾，肉質細	暑熱、水腫	體虛胃寒	**高GI警示**。	果皮花紋較淡	果形圓滾	拍打聲沉穩	無黑籽，檢查有無水傷	冷藏保存	無籽西瓜是透過「三倍體」技術培育的，不是基因改造。	方便食用，營養成分與紅西瓜相似，含茄紅素。	懶人免動刀,生津解渴	補水/消水腫,解酒/宿醉	方便食用，快速補充水分利尿。
watermelon_diana	西瓜	黛安娜西瓜	Diana Watermelon	黃皮西瓜	黃皮紅肉，視覺味覺雙重驚喜	TRUE		[2,1,2,5,8,10,10,9,6,4,2,1]	[5,6,7,8]	[6,7]	12	1	72	32	-2	9	4	3	No	No	#FFD700	國產	雲林二崙	肉質細緻，口感清爽，水分多	心煩口渴、尿黃	生理期、易腹瀉	**高GI警示**。	果皮金黃色	表皮光滑無傷	皮薄，拍打聲響亮	清甜爽口，檢查果皮有無斑點	冷藏保存	以黛安娜王妃命名，外表貴氣十足。	黃皮紅肉，含有茄紅素與類胡蘿蔔素，水分充足。	稀有嘗鮮,體面送禮	補水/消水腫,美白抗氧化	含有類胡蘿蔔素，維持黏膜健康。
mango_irwin	芒果	愛文芒果	Irwin Mango	檨仔,芒果,Apple Mango	夏日的紅寶石，香氣最濃郁的經典滋味		TRUE	[0,0,1,3,8,10,8,2,0,0,0,0]	[3,4,5,6,7,8]	[6,7]	15	4	55	42	1	8	10	3	No	No	#FF4500	國產	台南玉井	肉質細緻，幾乎無纖維，口感軟嫩多汁	暈車嘔吐、食慾不振、口乾舌燥	皮膚過敏、濕疹、傷口未癒合（發物）	**過敏源 (漆酚)**：果皮含漆酚，易引發接觸性皮膚炎。	果皮油亮深紅，無黑斑	蒂頭周圍有黃色果膠滲出（蜜）	輕按果身有彈性，不可過軟	聞蒂頭處，要有濃郁的芒果香氣	室溫催熟至香氣散發，變軟後冷藏	愛文其實是美國佛羅里達引進的品種，卻在台灣發光發熱。	富含維生素A與β-胡蘿蔔素，有助維持暗處視覺；含有維生素C及膳食纖維。	生津解渴,體面送禮,酸甜開胃	幫助消化/解膩,護眼明目,美白抗氧化	富含β-胡蘿蔔素與維生素A，有助視網膜健康；酸甜口感促進唾液分泌。
mango_jinhuan	芒果	金煌芒果	Jin Huan Mango	檨仔,大芒果	芒果界的巨無霸，口感Q彈無纖維			[0,0,0,2,6,9,10,5,1,0,0,0]	[4,5,6,7,8,9]	[6,7]	16.5	2	60	59	0	7	5	2	No	No	#FFD700	國產	高雄六龜	口感Q彈，肉厚紮實，纖維極少	腸燥便秘、津液不足、胃陰虛	糖尿病（升糖快）、易脹氣、過敏體質	**糖尿病 (高糖)**：單顆糖分極高，建議切塊分食。	果皮金黃均勻，無大塊黑斑	尾端稍微轉黃（非青色）	摸起來像木瓜一樣微軟	無特殊香氣，重點檢查果皮是否完整無撞傷	必須室溫催熟至微軟，再放入冰箱	由台灣六龜果農黃金煌先生培育，是第一個本土芒果品種。	果肉纖維細緻，富含碳水化合物與維生素A，鉀含量中等。	生津解渴,家庭分享,螞蟻人	幫助消化/解膩,順暢排便	纖維質與果膠含量豐富，能促進腸道蠕動。
mango_native	芒果	土芒果	Native Mango	檨仔,土檨仔,情人果原料	童年的懷舊滋味，香氣是所有芒果之冠			[0,1,3,8,9,5,1,0,0,0,0,0]	[2,3,4,5,6,7]	[4,5]	13	8	50	53	1	9	9	2	Bitter	No	#9ACD32	國產	屏東鹽埔	纖維較多，口感軟爛多汁，適合吸食	胃氣虛弱、暈車暈船、消化不良	氣喘、皮膚病、過敏體質	**過敏源**：建議剝皮切塊食用，直接啃食易導致嘴腫。	果皮由深綠轉黃綠，帶褐色斑點	果肩（蒂頭旁）飽滿鼓起	整顆摸起來極軟（內部化水）	隔著袋子都能聞到濃烈香氣才算熟	不耐放，買回家建議2天內吃完	情人果冰99%都是用土芒果的幼果醃漬的。	香氣成分豐富，含有維生素A、C及多種有機酸，有助促進唾液分泌。	懷舊古早味,料理加工,酸甜開胃	幫助消化/解膩,美白抗氧化	有機酸與獨特香氣能刺激胃酸分泌，緩解反胃感。
mango_summer_snow	芒果	夏雪芒果	Summer Snow Mango	高雄3號,芒果LV	芒果界的LV，集愛文香與金煌甜於一身	TRUE		[0,0,0,0,1,5,10,6,1,0,0,0]	[5,6,7,8]	[6,7]	15.5	3	58	55	1	7	9	5	No	No	#FFA500	國產	台東	肉質極細，口感綿密，無纖維感	食慾不振、視覺疲勞（維生素A）	濕熱體質（易長痘）、過敏體質	**高糖警示**：甜度極高，需適量。	果皮呈現鮮豔橘黃色，無黑斑	蒂頭周圍平整	輕按有彈性，不可過軟	靠近聞有濃郁的土芒果野香	室溫催熟至聞到香氣後冷藏	全台唯一擁有「專屬身分證」的芒果，每顆都有防偽標籤。	結合多品種優點，維生素A與β-胡蘿蔔素含量極高，抗氧化物質豐富。	體面送禮,老饕最愛,螞蟻人	護眼明目,美白抗氧化,幫助消化/解膩	維生素A含量極高，保護黏膜與視力；植化素增強防禦力。
mango_black_fragrance	芒果	黑香芒果	Black Fragrance Mango	烏香,綠皮芒果	帶有天然龍眼乾香氣的神祕芒果			[0,0,0,0,0,3,8,8,2,0,0,0]	[6,7,8]	[7]	16	1	55	58	1	6	8	3	No	No	#006400	國產	台南南化	口感較紮實，肉質Q彈，纖維少	氣血虛弱、食慾差	體質燥熱、喉嚨痛	無特殊高風險	果皮深綠（成熟後也是綠的）	蒂頭微乾	觸感變軟即代表成熟，勿等變色	聞起來有明顯的龍眼乾味道	室溫放軟後冷藏，皮綠就能吃	因為皮熟了還是綠的，常被誤以為沒熟而放到爛掉。	含有特殊的萜烯類香氣化合物，維生素A及膳食纖維含量適中。	老饕最愛,稀有嘗鮮	幫助消化/解膩,順暢排便	糖分與營養密度高，能快速補充能量與元氣。
mango_keitt	芒果	凱特芒果	Keitt Mango	九月芒果,晚生種	九月才出的晚生種，酸甜比極佳			[0,0,0,0,0,0,2,6,10,8,2,0]	[7,8,9,10,11]	[9]	14	5	55	50	0	7	6	2	No	No	#FFDAB9	國產	台南玉井	肉質細緻，纖維少，口感微酸清爽	胃酸不足、消化不良	胃潰瘍、胃酸過多	無特殊高風險	果皮黃綠色帶紅暈	果形呈現卵圓形，蒂頭乾燥	按壓微軟即可，過軟易爛	香氣較淡，檢查表皮有無壓傷	室溫催熟後冷藏	因為產季最晚，被稱為「芒果季的壓軸」。	晚熟品種，有機酸含量較高，富含維生素C與膳食纖維。	生津解渴,螞蟻人	順暢排便,幫助消化/解膩	含有果酸，能幫助胃酸分泌，輔助消化。
mango_yuwen	芒果	玉文芒果	Yuwen Mango	紅金煌	兼具金煌的肉與愛文的香，CP值高			[0,0,0,1,5,9,10,6,1,0,0,0]	[5,6,7,8]	[6,7]	17	2	60	56	1	7	6	3	No	No	#DC143C	國產	台南南化	果肉肥厚，口感細滑，汁多味甜	體質虛寒、津液不足	血糖控制不佳、皮膚過敏	**高糖警示**：甜度高。	果皮紅色艷麗，帶有細點	果形比愛文大、比金煌圓	按壓果肉有彈性	靠近聞帶有淡淡愛文香氣	室溫催熟後冷藏	是金煌與愛文的混種，遺傳了雙方的優點。	果實碩大，維生素A、C及鉀離子含量豐富，糖酸比適中。	家庭分享,螞蟻人	美白抗氧化,順暢排便	維生素A有助於維持皮膚黏膜健康，減少乾燥。
mango_red_dragon	芒果	紅龍芒果	Red Dragon Mango	水蜜桃芒果	肉質細緻像水蜜桃，幾乎無纖維			[0,0,1,4,8,9,6,1,0,0,0,0]	[3,4,5,6,7]	[5,6]	14	3	55	52	0	8	5	3	No	No	#FF6347	國產	高雄六龜	肉質極細嫩，入口即化，幾無纖維	牙口不好長輩、食慾不振	糖尿病患者、易過敏者	**高糖警示**：甜度高。	果皮橘紅色，皮薄光滑	果形較修長，蒂頭鮮綠	手感柔軟，像水蜜桃	香氣淡雅，檢查果皮有無裂痕	極不耐放，變軟後需立刻冷藏食用	皮極薄，剝皮時常會連肉一起撕下來，建議用切的。	肉質細緻，富含膳食纖維與維生素A，易於消化吸收。	老饕最愛,軟糯好咬	護眼明目,幫助消化/解膩	肉質細嫩且甜度高，適合病後恢復期開胃。
mango_manwen	芒果	慢文芒果	Manwen Mango	晚生愛文	晚熟的愛文，讓你在秋天也能吃芒果			[0,0,0,0,0,0,1,5,9,8,2,0]	[8,9,10,11]	[9]	15	4	55	50	1	7	8	2	No	No	#FF8C00	國產	台南楠西	口感紮實，纖維適中，類似愛文	秋燥口乾、消化不良	體質燥熱、皮膚癢	無特殊高風險	外觀似愛文但果粉較厚	蒂頭乾燥無發霉	按壓有彈性	香氣比愛文稍淡，檢查有無黑斑	室溫催熟後冷藏	其實就是晚開花的愛文，因氣候因素晚熟。	營養成分與愛文相似，富含β-胡蘿蔔素與鉀，有助於維持生理機能。	生津解渴,稀有嘗鮮	順暢排便	果肉多汁，能生津止渴，補充體液。
mango_four_seasons	芒果	四季芒果	Four Seasons Mango	四季檨	四季都會開花結果，隨時解饞			[6,6,7,7,8,8,8,7,6,6,5,5]	[1,2,3,4,5,6,7,8,9,10,11,12]	[5,6]	13	5	52	48	0	7	5	2	No	No	#FFFFE0	國產	彰化	肉質細緻，纖維少，口感軟Q	口乾舌燥、胃口差	過敏體質、濕疹	無特殊高風險	果皮金黃，體型較小	蒂頭處有黏液滲出	手感微軟	香氣中等，檢查果皮完整度	室溫放軟後冷藏	雖然叫四季，但冬天產的通常比較酸。	含有維生素C及蘋果酸、檸檬酸等有機酸，熱量適中。	懶人免動刀,酸甜開胃	幫助消化/解膩,美白抗氧化	碳水化合物提供即時熱量，緩解體力透支。
mango_honey_snow	芒果	蜜雪芒果	Honey Snow Mango	高雄4號,桃紅芒果	擁有迷人的桃紅色，視覺味覺雙享受			[0,0,0,2,6,9,8,3,0,0,0,0]	[4,5,6,7]	[6]	14	3	56	54	0	7	7	4	No	No	#FA8072	國產	高雄	肉質細緻，口感軟嫩，纖維少	視覺疲勞、食慾不振	皮膚過敏、濕熱體質	無特殊高風險	果皮呈現桃紅色，色澤均勻	果皮斑點少，蒂頭鮮綠	按壓有彈性	靠近聞帶有獨特花香	室溫催熟後冷藏	是愛文的改良後代，抗病性更好，外觀更美。	富含天然花青素（果皮）與維生素A，果肉細緻易消化。	稀有嘗鮮,體面送禮	美白抗氧化,順暢排便	富含類胡蘿蔔素，對抗藍光傷害。
mango_haden	芒果	海頓芒果	Haden Mango	蘋果芒果,老品種	台灣早期的芒果霸主，滋味濃郁			[0,0,0,1,5,9,6,1,0,0,0,0]	[5,6,7]	[6]	13	6	55	55	1	8	7	2	No	No	#B22222	國產	屏東	口感紮實，纖維稍粗，肉質厚	氣虛、暈車、消化不良	過敏體質、皮膚病	無特殊高風險	果皮紅黃綠三色漸層	蒂頭周圍有明顯紅暈	果肉觸感較硬實	香氣濃郁，檢查有無撞傷	室溫催熟後冷藏	是台灣光復後最早引進的美國品種之一。	纖維質含量較高，有助促進腸道蠕動，富含維生素A。	懷舊古早味	幫助消化/解膩,護眼明目	濃郁的傳統芒果香氣與酸甜比，能刺激食慾。
mangosteen	其他	山竹	Mangosteen	果后,鳳果	果后，清涼解熱，口感酸甜像優格		TRUE	[1,1,0,2,6,9,10,9,6,3,1,1]	[6,7,8,9]	[7,8]	17	4	45	70	-2	8	6	4	No	No	#800080	進口	泰國尖竹汶	肉質雪白，口感像優格般滑嫩	吃過量榴槤、燥熱、燒燙傷	脾胃虛寒、腹瀉、生理期	無特殊高風險	果殼紫紅微軟（像網球）	蒂頭鮮綠（非乾枯）	按壓有彈性（硬如石代表壞）	無特殊香氣，檢查有無黃色汁液（膠）	冷藏保存	山竹底部的花瓣數等於裡面的果肉瓣數。	果殼含山酮素（Xanthones），果肉含維生素C與纖維，性寒。	生津解渴,懷舊古早味	潤喉養肺,美白抗氧化,抗發炎/免疫調節	屬性寒涼，清熱降火，中和榴槤熱氣。
rambutan	其他	紅毛丹	Rambutan	毛荔枝	外型像長毛的荔枝，口感清脆酸甜		TRUE	[0,0,0,1,4,8,10,9,6,3,0,0]	[6,7,8,9]	[7,8]	18	3	50	82	2	7	5	3	No	No	#DC143C	進口	泰國	肉質脆彈，像葡萄，汁多	低血壓、貧血、腹瀉	胃炎、上火、口乾舌燥	無特殊高風險	毛色紅潤鮮豔	無黑褐斑（代表新鮮）	果肉離核	無酸臭味，檢查毛是否乾枯	冷藏保存	種皮跟果肉緊連，吃的時候小心不要把硬殼皮也吃下去。	富含維生素C、鐵、鈣及膳食纖維。	稀有嘗鮮	補氣血/暖身,美白抗氧化	含鐵量與糖分高，補血補氣。
jackfruit	其他	波羅蜜	Jackfruit	將軍木	世界上最大的水果，兼具香蕉鳳梨味		TRUE	[3,2,2,3,5,8,10,9,7,5,4,3]	[5,6,7,8,9]	[7,8]	22	1	60	95	1	5	8	2	No	No	#FFD700	國產	台東太麻里	口感脆硬，肉厚，有嚼勁	宿醉、煩熱口渴、產後乳少	氣滯腹脹、糖尿病	無特殊高風險	果形巨大	輕拍有空心聲（熟）	聞到濃香（未切開即香）	果肉金黃，檢查表皮有無軟爛	切開取肉冷藏	波羅蜜的種子煮熟後吃起來像菱角，非常好吃。	果肉含碳水化合物，種子含蛋白質，富含維生素B6。	家庭分享,料理加工,懷舊古早味	解酒/宿醉,舒壓助眠,順暢排便	種子煮熟可緩解腸胃不適；果肉糖分助解酒。
chempedak	其他	榴槤蜜	Chempedak	小波羅蜜	波羅蜜與榴槤的親戚，味道像焦糖			[0,0,0,0,2,6,10,9,5,1,0,0]	[6,7,8,9]	[7,8]	25	1	65	110	2	4	9	3	No	No	#DAA520	國產	屏東潮州	口感極軟爛，像泥狀，極甜	體虛、需要補熱量	燥熱體質、糖尿病	無特殊高風險	外型像小波羅蜜	果皮軟，按壓有彈性	聞起來有瓦斯味（特色）	口感軟爛，檢查有無裂果	室溫催熟後冷藏	雖然叫榴槤蜜，但它跟榴槤沒有親戚關係，是波羅蜜的親戚。	富含維生素A、C及碳水化合物，熱量較高。	螞蟻人,懷舊古早味	舒壓助眠,順暢排便,補氣血/暖身	高熱量高糖分，溫補效果。
snakefruit	其他	蛇皮果	Snake Fruit	沙叻	外皮像蛇鱗，口感脆硬像蘋果			[6,6,6,6,6,6,6,6,6,6,6,6]	[1,2,3,4,5,6,7,8,9,10,11,12]	[6,7]	15	5	50	82	1	4	6	3	No	No	#8B4513	進口	印尼峇里島	口感脆硬，像蘋果，帶有澀味	長期記憶力差、腹瀉	便秘、熱性體質	無特殊高風險	果皮紅褐像蛇皮	果實尖頭，鱗片完整	按壓硬實，不軟	微酸帶澀，檢查蒂頭有無發霉	冷藏保存	印尼的蛇皮果比較甜，泰國的比較酸。	含有鈣、鐵、鉀、維生素C及單寧酸（澀味來源）。	稀有嘗鮮	止瀉/收斂,護眼明目	含有單寧酸可收斂止瀉；含鉀與果膠益智。
longkong	其他	龍宮果	Longkong	蘭撒果,愛情果	外型像馬鈴薯，口感像柚子加葡萄	TRUE		[0,0,0,0,0,2,6,9,10,8,2,0]	[7,8,9,10]	[9]	16	4	55	60	0	8	6	3	No	No	#F5DEB3	進口	泰國南部	果肉瓣狀，口感像柚子，多汁	發燒熱病、心煩	糖尿病、體寒	無特殊高風險	成串像龍眼	果皮黃褐色，無黑斑	果肉瓣狀，手感微軟	酸甜多汁，檢查有無掉果	冷藏保存	是泰國王妃最愛的水果之一，又稱「愛情果」。	富含維生素C、B群及磷、鉀等礦物質。	稀有嘗鮮,酸甜開胃	潤喉養肺,幫助消化/解膩	在東南亞被視為退燒水果。
tamarind	其他	羅望子	Tamarind	酸豆	酸酸甜甜的天然蜜餞，開胃助消化			[4,5,6,6,5,4,2,1,1,2,3,4]	[1,2,3,4]	[2,3]	30	8	55	239	1	2	5	2	No	No	#8B4513	進口	泰國碧差汶	口感黏牙，像蜜餞，酸甜軟糯	妊娠嘔吐、便秘、食慾差	胃酸過多、糖尿病	無特殊高風險	豆莢狀棕色，像花生	果殼易碎，無蟲孔	果肉黑褐，黏稠	酸甜黏牙，檢查有無發霉	乾燥通風保存	泰式料理的酸味來源（如泰式炒河粉）就是羅望子。	含有酒石酸、鈣、磷及膳食纖維，有助消化。	順暢排空,料理加工	順暢排便,幫助消化/解膩	酸味刺激食慾；酒石酸與纖維具輕瀉作用。
coconut	其他	椰子	Coconut	椰青,椰皇	天然電解質水，消暑解渴神器		TRUE	[5,5,6,8,10,10,10,9,8,7,6,5]	[5,6,7,8,9,10]	[7,8]	5	1	45	354	-1	10	6	2	No	No	#F0FFF0	國產	屏東/泰國	椰青肉嫩如果凍，椰皇肉硬脆	暑熱煩渴、水腫、發燒	心力衰竭、頻尿、脾胃虛寒	無特殊高風險	搖晃有水聲（水滿）	椰殼完整，無裂痕	椰青水多，椰皇肉厚	無酸臭味，檢查椰眼有無發霉	冷藏保存	椰子水是無菌的，二戰時期曾被用來當作靜脈注射液。	椰水含電解質（鉀、鎂），椰肉含中鏈脂肪酸（MCTs）。	生津解渴,運動補給	補水/消水腫,解酒/宿醉,潤喉養肺	電解質平衡體液；利尿排出尿酸與熱氣。
abiu	其他	黃金果	Abiu	黃晶果,加蜜蛋黃果	膠原蛋白之王，口感像果凍般滑嫩	TRUE		[6,7,8,8,7,6,6,7,8,8,7,6]	[1,2,3,4,7,8,9,10]	[3,8]	15	1	50	60	0	7	2	3	No	No	#FFD700	國產	屏東高樹	口感像果凍般滑嫩，膠質豐富	皮膚乾燥、體虛	糖尿病、痰濕體質	**高糖警示**。	果皮金黃光滑	果皮微軟（代表熟）	切開果肉乳白，像果凍	口感像果凍，無特殊香氣	冷藏保存，切開易氧化	切開後要滴檸檬汁，不然會馬上變成褐色。	含有膠質（水溶性纖維）、維生素C、鈣及磷。	美顏補氣,體面送禮,稀有嘗鮮	美白抗氧化,順暢排便	富含膠質（水溶性纖維）與維生素C，潤腸養顏。
star_apple	其他	牛奶果	Star Apple	星蘋果	切開有星星圖案，口感像果凍配牛奶	TRUE		[8,9,10,8,5,2,0,0,0,0,2,6]	[1,2,3,4]	[3]	14	2	50	67	0	6	2	3	No	No	#9370DB	國產	屏東長治	口感像果凍，滑溜，帶有奶香	熱病口渴、便秘	糖尿病、體寒	無特殊高風險	果皮紫紅或綠	按壓微軟（像柿子）	果肉白色膠狀	淡淡奶香，檢查有無撞傷	冷藏保存	越南的新住民帶來的品種，現在台灣也種得很好。	果肉含有膠質、抗氧化成分及維生素C。	稀有嘗鮮,螞蟻人	美白抗氧化,幫助消化/解膩	果肉膠質豐富，生津潤燥。
egg_fruit	其他	仙桃	Canistel	蛋黃果	口感像蛋黃與地瓜的混合體，營養豐富			[8,7,6,5,4,3,2,3,5,7,9,9]	[10,11,12,1,2,3]	[11,12]	20	1	60	140	1	3	6	1	No	No	#FFA500	國產	嘉義番路	口感像蛋黃與地瓜泥，綿密乾爽	泄瀉（收斂作用）、體虛	便秘、噎到（需配水）	無特殊高風險	果皮橙黃	頂端裂開代表熟	觸感極軟（像地瓜泥）	有蛋黃香氣，檢查有無發霉	室溫催熟至極軟再吃	一定要放到很軟很軟才能吃，不然會澀且難以下嚥。	富含澱粉、維生素A、C、E及礦物質，營養價值似地瓜。	懷舊古早味,軟糯好咬	護眼明目,止瀉/收斂,舒壓助眠	澱粉質與單寧具收斂止瀉效果；富含類胡蘿蔔素。
sapodilla	其他	人心果	Sapodilla	吳鳳柿	味道像黑糖冬瓜茶，口感沙沙的			[6,6,6,6,6,6,6,6,6,6,6,6]	[1,2,3,4,5,6,7,8,9,10,11,12]	[5,6]	22	1	60	83	0	4	6	2	No	No	#8B4513	國產	嘉義/雲林	口感沙沙的，像梨子，極甜	低血糖、肺潤	糖尿病、肥胖	**高糖警示**。	果皮褐色像馬鈴薯	按壓微軟（像奇異果）	果肉褐色，沙沙的	黑糖甜香，檢查有無過軟	室溫催熟後冷藏	因為外型長得像人的心臟而得名，甜度非常高。	糖分極高，含有葡萄糖、維生素C及鐵質。	螞蟻人,懷舊古早味	舒壓助眠,血壓調節,順暢排便	高糖分補能；傳統認為有潤肺止咳之效。
jaboticaba	其他	樹葡萄	Jaboticaba	嘉寶果	長在樹幹上的黑珍珠，皮澀肉甜			[3,6,8,5,2,1,0,0,1,4,8,5]	[3,4,10,11]	[3,11]	14	5	45	50	0	8	4	3	Bitter	Swallow	#000000	國產	彰化	皮澀肉甜，口感像葡萄，多汁	風濕、水腫、腎炎	糖尿病、密集恐懼症	無特殊高風險	果實紫黑發亮	果粒飽滿，無皺縮	按壓有彈性	像葡萄但皮厚，無發酵味	冷藏保存	皮很厚且澀，通常會吐皮，或是拿來釀酒。	皮含花青素與單寧，肉含維生素C與B群。	美顏補氣,稀有嘗鮮	護眼明目,補氣血/暖身,美白抗氧化	皮與籽富含花青素，抗氧化力極強。
acerola	其他	西印度櫻桃	Acerola Cherry	針葉櫻桃	維生素C之王，酸到懷疑人生	TRUE		[2,1,1,2,5,8,9,8,5,2,1,1]	[5,6,7,8]	[7]	7	10	25	32	0	8	3	3	Yes	No	#DC143C	國產	台南	肉質細軟，極酸，多汁	壞血病、貧血、感冒	胃酸過多、結石體質	無特殊高風險	果色鮮紅	果形凹凸不平	極易碰傷，選無傷者	極酸，聞起來有酸味	通常加工成果汁或錠劑	它的維生素C含量是檸檬的100倍，吃一顆抵好幾顆檸檬。	天然維生素C含量之冠，含有生物類黃酮。	美顏補氣,螞蟻人	美白抗氧化,抗發炎/免疫調節,補氣血/暖身	維生素C含量之王，促進膠原蛋白合成與免疫功能。
yumberry	其他	楊梅	Yumberry	樹梅	酸甜多汁，望梅止渴的真實版			[0,0,0,0,3,9,5,0,0,0,0,0]	[5,6]	[6]	11	7	40	30	1	8	6	3	Yes	No	#8B0000	國產	桃園	肉質多汁，由許多小凸起組成，口感特殊	口乾、痢疾、食積	胃酸過多、牙痛	無特殊高風險	果色深紅紫黑	果粒突出像刺	無出水，顆粒完整	酸甜交織，檢查有無果蠅	極易爛，冷藏保存	台灣原本就有原生種楊梅，但果實較小，現在多引進大果品種。	富含花青素、維生素C及有機酸，有助消化。	生津解渴,懷舊古早味	幫助消化/解膩,止瀉/收斂	酸味收斂止瀉，生津開胃。
jelly_fig	其他	愛玉	Jelly Fig	愛玉子	台灣特有種，只有台灣洗得出愛玉凍		TRUE	[6,5,4,3,2,2,3,5,8,10,9,8]	[9,10,11]	[10]	0	1	0	2	-1	9	1	2	No	Swallow	#FFFFF0	國產	嘉義阿里山	口感像果凍，滑溜清爽，無味	暑熱煩渴、便秘、乳汁不通	胃寒、腹瀉	無特殊高風險	果實綠色帶白點	乾燥後翻面（黃色）	瘦果金黃，無發黑	無味，檢查有無發霉	乾燥保存，洗完需冷藏	全世界只有台灣有愛玉小蜂幫忙授粉，所以愛玉是正宗台灣特產。	天然果膠（水溶性纖維），熱量極低，需搭配糖水食用。	生津解渴,低卡減負,家庭分享	補水/消水腫,血壓調節,順暢排便	高鉀利尿；果膠屬水溶性纖維，清涼解熱。
pomegranate	其他	紅石榴	Pomegranate	石榴,抗氧化女王	抗氧化界的紅寶石，喝出透亮好氣色	TRUE		[0,0,0,0,0,0,0,0,3,8,10,8]	[9,10,11,12]	[10,11]	16	4	55	83	1	8	4	4	No	Swallow	#C71585	進口	土耳其/美國	果粒如寶石般晶瑩，口感脆甜多汁	貧血、膚色暗沉、心血管保養	便秘（籽多）、胃酸過多	**藥物交互作用**：影響部分降血壓/膽固醇藥物代謝。	果皮紅潤緊繃，稜角明顯（皮薄肉滿）	蒂頭開裂如皇冠	手感沉重	無特殊香氣，檢查有無發霉	常溫或冷藏，可放很久	紅石榴的抗氧化力是綠茶的3倍、紅酒的1.4倍。	富含安石榴苷（Punicalagin）、花青素及鞣花酸，抗氧化力極強。	美顏補氣,稀有嘗鮮,料理加工,懶人免動刀	美白抗氧化,血壓調節,補氣血/暖身	多酚類物質強效抗氧化；輔助調節血壓。
gooseberry_indian	其他	油甘	Indian Gooseberry	餘甘子,牛甘果	入口酸澀而後回甘，維生素C是蘋果160倍			[0,0,0,0,0,0,0,0,4,8,10,8]	[9,10,11,12]	[10,11]	5	10	35	44	-1	5	4	3	Yes	No	#9ACD32	國產	苗栗	初嚐極酸澀，咀嚼後滿口回甘生津	喉嚨痛、三高族群、糖尿病	胃潰瘍、怕酸者	無特殊高風險	果實圓潤，透出淡黃綠色	表面光滑無蟲孔	質地硬脆	無特殊香氣，主要吃其回甘味	冷藏保存，或醃漬糖/鹽	聯合國衛生組織指定為全世界推廣種植的3種保健植物之一。	超高維生素C、鞣質及多酚，具有強大抗氧化與降血糖潛力。	稀有嘗鮮,特殊護理,料理加工,酸甜開胃	潤喉養肺,美白抗氧化,幫助消化/解膩	先酸後甘生津止渴；維生素C含量極高。
tamarillo	其他	樹番茄	Tamarillo	木質番茄,洋酸茄	生長在高山的番茄，皮苦肉酸甜			[2,3,4,5,6,7,8,9,9,8,6,4]	[全年]	[8,9,10]	10	8	40	31	-1	7	5	3	No	Swallow	#8B0000	國產	南投清境	果皮苦澀不可食，果肉像百香果般酸甜	高血壓、視力疲勞、便秘	胃酸過多、怕酸者	無特殊高風險	果皮紅得發紫，表面光滑	果形像蛋，蒂頭長	手感微軟	有特殊的熱帶水果香氣	常溫放軟後更甜，可冷藏	吃的時候要像吃奇異果一樣用湯匙挖，皮真的很苦。	富含維生素A、C、E及鐵質，果膠含量高。	稀有嘗鮮,料理加工,美顏補氣	幫助消化/解膩,護眼明目	酸味助消化；維生素A護眼。
miracle_fruit	其他	神秘果	Miracle Fruit	變味果,奇蹟果	吃完它再吃檸檬會變甜的神奇魔法			[3,4,6,8,9,10,9,7,5,3,2,1]	[5,6,7,8,9,10]	[6,7]	2	1	10	35	0	6	3	4	Yes	Swallow	#DC143C	國產	屏東	果肉極少，微甜，口感像吃棗子皮	糖尿病（想吃甜）、化療味覺改變	無特殊禁忌	無特殊高風險	果實鮮紅橢圓，像枸杞	表皮光滑	手感軟	無特殊香氣	冷藏保存，盡快食用	含有一種醣蛋白叫「神秘果素」，能暫時改變味蕾對酸的感覺。	本身營養普通，主要功能是含「神秘果素」改變味覺。	稀有嘗鮮,特殊護理,螞蟻人	幫助消化/解膩,舒壓助眠	改變味覺讓酸變甜，增加進食樂趣與食慾。
white_sapote	其他	白柿	White Sapote	冰淇淋果,白薩波特	口感像香草冰淇淋，入口即化的綿密			[0,0,0,0,2,6,9,10,8,4,0,0]	[6,7,8,9]	[7,8]	20	1	65	90	0	6	5	4	No	No	#90EE90	國產	嘉義	口感像奶油或冰淇淋，綿密極甜	失眠、焦慮、體瘦者	糖尿病、肥胖	**高糖警示**：甜度極高。	果皮綠色微黃，表皮薄	果形圓潤，像青蘋果	按壓極軟（像熟透的桃子）	淡淡的香草奶油香	室溫催熟至極軟，冷藏後風味像冰淇淋	雖然叫白柿，但跟柿子沒關係，是芸香科（跟橘子親戚）。	富含鉀、維生素C及具助眠效果的成分。	稀有嘗鮮,軟糯好咬,螞蟻人,特殊護理	舒壓助眠,補氣血/暖身	特定成分有助放鬆神經；高糖補能。
olive_chinese	其他	橄欖	Chinese Olive	青橄欖,尖橄欖	生吃苦澀，醃漬後回甘，潤喉聖品			[0,0,0,0,0,0,0,0,2,8,10,6]	[9,10,11]	[10]	3	10	30	85	0	5	4	2	Yes	No	#32CD32	國產	彰化寶山	生食硬脆苦澀，醃漬後脆甜回甘	喉嚨痛、酒醉、消化不良	便秘（澀味重）、胃酸過多	無特殊高風險	果形兩頭尖，像紡錘	果皮青綠光滑	質地極硬	清香，帶有草本味	常溫通風，通常加工後保存	台灣的橄欖跟做橄欖油的油橄欖是不一樣的品種喔。	富含鈣質、維生素C及單寧酸，有助清熱解毒。	懷舊古早味,料理加工,特殊護理	潤喉養肺,幫助消化/解膩,解酒/宿醉	傳統潤喉食材；酸澀味助解酒消食。
gac_fruit	其他	木鱉果	Gac Fruit	天堂果,長生果	茄紅素是番茄的70倍，需煮熟食用的超級食物			[0,0,0,0,0,2,6,9,10,8,4,0]	[7,8,9,10]	[8,9]	4	2	35	90	0	6	3	3	No	No	#FF4500	國產	台東	果肉像酪梨般油潤，需煮熟，無特殊味道	乾眼症、夜盲症、攝護腺腫大	腹瀉者	**生食禁忌**：種子有微毒，需煮熟食用。	果皮橘紅有軟刺	剖開果肉鮮紅，種子像鱉	手感軟	淡淡瓜果香	冷藏保存，建議盡快煮食	種子長得像鱉（甲魚），所以叫木鱉果，是顧眼睛神器。	茄紅素與β-胡蘿蔔素含量極高，富含油脂助吸收。	料理加工,稀有嘗鮮,美顏補氣,特殊護理	護眼明目,抗發炎/免疫調節	茄紅素與胡蘿蔔素含量驚人，強效護眼抗炎。
cactus_pear	其他	仙人掌果	Cactus Pear	仙人掌果,澎湖紅蘋果	澎湖特產，紫紅色果汁，清涼消暑			[0,0,0,0,2,6,9,10,8,4,0,0]	[5,6,7,8,9,10]	[7,8]	13	4	45	41	-1	9	6	3	No	Swallow	#C71585	國產	澎湖	果肉多汁，口感像火龍果但種子硬	水腫、口乾舌燥、曬傷	脾胃虛寒、腹瀉	無特殊高風險	果皮紫紅有刺（小心！）	頂端有凹陷	按壓微軟	清淡草本香	冷藏保存	吃完嘴巴跟排泄物都會變紅色的，不要驚慌。	富含甜菜紅素、抗氧化劑及鉀，具有消炎退火功效。	稀有嘗鮮,料理加工,生津解渴	美白抗氧化,補水/消水腫	甜菜紅素抗氧化；水分多清熱。
water_caltrop	其他	菱角	Water Caltrop	龍角,水栗	水中落花生，口感鬆軟像栗子		TRUE	[0,0,0,0,0,0,0,0,4,10,8,2]	[9,10,11]	[10]	8	1	45	115	0	4	5	2	No	No	#2F4F4F	國產	台南官田	口感鬆軟綿密，帶有淡淡清香	體虛消瘦、老人小孩、腹瀉	便秘（吃多難消化）、糖尿病	無特殊高風險	外殼紫黑堅硬，像牛角	兩角尖銳	按壓不動，極硬	無特殊氣味	常溫通風或剝殼冷凍	菱角其實是澱粉類，熱量跟白飯差不多，不能當水果狂吃。	富含澱粉、蛋白質及抗性澱粉，有助於腸道健康。	懷舊古早味,軟糯好咬,料理加工,家庭分享	順暢排便,補氣血/暖身	抗性澱粉助腸道；澱粉補能暖身。
chestnut	其他	板栗	Chinese Chestnut	栗子,毛栗	乾果之王，香甜鬆軟，補腎益氣		TRUE	[0,0,0,0,0,0,0,0,2,8,10,10]	[9,10,11,12]	[10,11]	10	1	60	196	1	3	8	3	No	No	#8B4513	國產	嘉義中埔	煮熟後口感鬆軟綿密，香甜可口	腎虛腰痛、頻尿、腹瀉	便秘、脹氣、糖尿病	無特殊高風險	外殼深褐光亮，底部絨毛少	果形圓鼓	質地堅硬	生栗子無味，熟栗子香甜	冷藏或冷凍保存	栗子維生素C含量其實比蘋果還高，別以為它只有澱粉。	富含碳水化合物、蛋白質、B群及鉀，中醫視為補腎良方。	懷舊古早味,軟糯好咬,料理加工,特殊護理	補氣血/暖身,順暢排便	溫補腎陽；豐富纖維助排便。
kiwi_gold	奇異果	黃金奇異果	Gold Kiwi	陽光金圓頭,獼猴桃	口感像花蜜般香甜，維生素C是柳丁的3倍	TRUE	TRUE	[0,0,0,0,2,6,9,10,10,8,4,0]	[5,6,7,8,9,10,11]	[7,8,9]	16	3	48	60	-1	9	6	4	No	Swallow	#E4D00A	進口	紐西蘭	肉質細緻，口感綿密，汁多無渣	嘴破口角炎、便秘、感冒	腹瀉者、頻尿者	無特殊高風險	果皮光滑無毛（或毛極短），顏色古銅	蒂頭按壓微軟	整顆手感微軟有彈性（太硬會酸）	帶有熱帶水果香氣	硬果冷藏可放久，室溫催熟至軟	黃金奇異果的維生素C含量比綠色奇異果高，但膳食纖維是綠色的比較多。	富含維生素C、E及鉀，營養密度極高，無毛口感佳。	螞蟻人,懶人免動刀,美顏補氣,順暢排空,體面送禮	美白抗氧化,順暢排便,幫助消化/解膩	維生素C含量極高促進膠原蛋白；奇異果酵素助消化。
kiwi_red	奇異果	紅心奇異果	Red Kiwi	紅寶石奇異果,紅陽	中心一抹紅，帶有莓果香氣的稀有品種	TRUE		[0,0,0,0,0,0,0,0,2,8,9,5]	[9,10,11,12]	[10,11]	18	2	50	60	-1	8	7	5	No	Swallow	#ADFF2F	進口	紐西蘭	肉質最細緻，甜度最高，帶有莓果香	抗氧化、心血管保養	腹瀉者、體寒者	無特殊高風險	果形較小，表皮無毛光亮	切開中心呈放射狀紅色	按壓微軟即可食用	帶有特殊莓果與花香	極易過熟，買回需冷藏並盡快食用	紅心奇異果是所有奇異果中甜度最高的，且抗氧化力最強。	含有花青素（紅心處）與維生素C，抗氧化能力強。	稀有嘗鮮,螞蟻人,美顏補氣,體面送禮	護眼明目,美白抗氧化	花青素與維C協同作用，保護眼睛與皮膚。
kiwi_green	奇異果	綠奇異果	Green Kiwi	獼猴桃,Zespri	膳食纖維與酵素的雙重王者，便秘救星		TRUE	[3,2,2,4,7,9,10,10,9,8,6,4]	[5,6,7,8,9,10,11,12]	[7,8,9]	13	7	39	58	-2	8	4	3	No	Swallow	#8FBC8F	進口	紐西蘭	口感軟糯，帶有細小籽的顆粒感，酸度明顯	便秘、消化不良、大魚大肉後	腹瀉者、頻尿者、怕酸者	無特殊高風險	果皮棕色且佈滿細毛	蒂頭按壓微軟（代表熟）	整顆手感微軟有彈性（像握網球）	帶有清新的草本果香	硬果需室溫催熟（可放蘋果），變軟後冷藏	其實奇異果原產於中國（叫獼猴桃），是被紐西蘭發揚光大的。	富含奇異果酵素（Actinidin）與膳食纖維，維C含量雖輸黃金但仍高。	順暢排空,低卡減負,酸甜開胃,懶人免動刀	順暢排便,幫助消化/解膩	奇異果酵素分解蛋白質；豐富膳食纖維促進強烈蠕動。
guava_pearl	芭樂	珍珠芭樂	Pearl Guava	芭樂,那拔,拔仔	國民水果，脆甜適中，維C冠軍		TRUE	[10,9,8,7,5,5,5,6,8,9,10,10]	[1,2,3,4,5,6,7,8,9,10,11,12]	[11,1]	10	3	30	38	0	6	5	1	Yes	Yes	#90EE90	國產	高雄燕巢	口感脆甜，肉質細緻，清爽	牙齦出血、糖尿病（低GI）、腹瀉	嚴重便秘（籽）、剛拔牙者	無特殊高風險	果皮凹凸不平（珠粒多）	顏色淡綠（白霧狀）	手感沉重，硬實	清脆有聲，太軟不好吃	塑膠袋綁緊冷藏	皮越皺代表越甜，千萬別挑太光滑的。	維生素C含量極高（水果之冠），富含膳食纖維與抗氧化力。	低卡減負,家庭分享,美顏補氣	順暢排便,美白抗氧化,血壓調節	維C之王預防壞血病；低GI高纖維增加飽足感。
guava_emperor	芭樂	帝王芭樂	Emperor Guava	大芭樂	巨無霸芭樂，肉厚脆度高，帶酸香	TRUE		[9,9,8,6,4,3,3,4,6,8,10,10]	[9,10,11,12,1,2,3]	[11,12]	11	3	30	39	0	7	5	2	Yes	Yes	#32CD32	國產	高雄燕巢	肉質極脆，厚實，咬勁佳	減重、三高族群	便秘、牙口不好	無特殊高風險	體型巨大，果形圓	果皮較厚，珠粒明顯	肉質極脆，敲擊聲響	酸甜比明顯，檢查有無黑斑	塑膠袋綁緊冷藏	因為保留了土芭樂的酸香，被稱為芭樂界的帝王。	果肉厚實，維生素C與纖維含量豐富，口感脆。	低卡減負,家庭分享	順暢排便,美白抗氧化	果肉厚實纖維多，耐咀嚼增加飽足感。
guava_crystal	芭樂	水晶芭樂	Crystal Guava	無籽芭樂	種子極少，肉質硬脆，像是吃無籽芭樂			[8,8,7,6,4,4,4,5,7,8,9,9]	[1,2,3,4,5,6,7,8,9,10,11,12]	[10,11]	12	2	30	37	0	6	4	3	Yes	None	#98FB98	國產	彰化社頭	口感極硬脆，肉厚無籽，清甜	糖尿病、牙齦出血	便秘	無特殊高風險	果形扁圓，像南瓜	表面粗糙，果臍縮	肉厚籽少，非常硬	口感極脆，無特殊香氣	塑膠袋綁緊冷藏	雖然好吃但產量少，是市場上的搶手貨。	無籽肉厚，膳食纖維與維生素C含量高。	懶人免動刀,家庭分享	順暢排便,美白抗氧化	維生素C含量高。
guava_redheart	芭樂	紅心芭樂	Red Heart Guava	紅肉芭樂	富含茄紅素，香氣濃郁，口感軟糯			[8,7,6,5,4,4,5,6,8,9,10,9]	[1,2,3,4,5,6,7,8,9,10,11,12]	[11,12]	9	4	30	40	0	8	7	2	Yes	Yes	#F08080	國產	宜蘭員山	口感軟糯（吃軟不吃硬），香氣濃	抗氧化、高血壓	便秘（籽）	無特殊高風險	果肉粉紅色（切開才知）	皮黃綠，通常較軟	口感軟糯（吃軟不吃脆）	土芭樂香氣濃郁	塑膠袋綁緊冷藏	紅心芭樂通常是用來吃軟的，不是吃脆的。	富含茄紅素與類胡蘿蔔素，抗氧化能力優於白肉芭樂。	美顏補氣,懷舊古早味,軟糯好咬	美白抗氧化,血壓調節,護眼明目,順暢排便	茄紅素抗氧化保護血管；類胡蘿蔔素護眼。
guava_watermelon	芭樂	西瓜芭樂	Watermelon Guava	彩虹芭樂	綠皮紅肉，切開像西瓜，口感清脆			[7,7,6,5,4,4,5,6,7,8,8,8]	[1,2,3,4,5,6,7,8,9,10,11,12]	[10,11]	9	3	30	38	0	7	2	3	Yes	Yes	#FF6347	國產	彰化	口感清脆，肉質細，無軟綿感	糖尿病、減重	便秘	無特殊高風險	皮綠肉紅，外觀像珍珠	無特殊香氣	口感清脆，不軟綿	無土芭樂味，檢查表皮有無黑點	塑膠袋綁緊冷藏	雖然長得像紅心芭樂，但口感是脆的，且沒有濃郁香味。	含有茄紅素與維生素C，低熱量高纖維。	稀有嘗鮮	順暢排便,美白抗氧化	維生素C增強免疫。
guava_perfume	芭樂	香水芭樂	Perfume Guava	軟芭樂	香氣傳千里，口感軟綿甜度高			[6,6,5,4,3,3,4,6,8,9,9,7]	[9,10,11,12,1]	[11]	13	2	32	42	0	9	9	2	Yes	Yes	#FFFFE0	國產	彰化社頭	口感軟綿，入口即化，香氣重	牙口不好、腹瀉	便秘	無特殊高風險	果形圓潤	成熟後變黃	口感軟綿，手感軟	香氣極濃，隔著袋子聞得到	塑膠袋綁緊冷藏	通常用來打果汁或做辦桌甜點，香氣非常強烈。	軟糯口感，適合牙口不好者，富含維生素C。	軟糯好咬,料理加工	順暢排便,美白抗氧化	軟糯口感適合老人攝取纖維。
guava_moon	芭樂	中山月拔	Moon Guava	宜蘭芭樂	皮黃肉白，專門用來做加工或吃軟			[4,3,2,1,0,0,0,0,1,5,8,6]	[10,11]	[11]	9	6	30	45	0	7	6	2	Yes	Yes	#FFFF00	國產	宜蘭頭城	口感極軟爛，適合牙口不好者	食慾不振	怕軟爛口感者	無特殊高風險	果皮黃色	果肉白色	極軟爛（加工用）	香氣濃郁，檢查有無爛掉	極易爛，需冷藏	宜蘭名產「紅心芭樂凍」或「芭樂乾」通常是用這種做的。	香氣濃，果膠含量高，維生素C豐富。	料理加工,懷舊古早味	止瀉/收斂,幫助消化/解膩	濃郁香氣能刺激食慾。
citrus_ponkan	柑橘	椪柑	Ponkan Mandarin	橘子,柑仔,寬皮柑	皮肉分離好剝，果肉柔軟多汁		TRUE	[8,5,2,0,0,0,0,0,0,2,7,10]	[10,11,12,1,2,3]	[11,12,1]	12	3	45	45	-1	7	6	2	Bitter	Swallow	#FFA500	國產	台中東勢	果肉柔軟，汁多渣少，纖維細緻	肺熱咳嗽（黃痰）、酒醉口渴	風寒咳嗽（白痰）、氣虛胃寒	無特殊高風險	果皮橙黃，底部有凹陷	蒂頭周圍皺褶明顯	拿起來有「浮浮」的感覺（代表皮肉分離）	聞蒂頭無霉味，有柑橘清香	通風保存，放幾天辭水後更甜	椪柑的「椪」就是指皮肉分離、膨膨的樣子。	富含維生素C、檸檬酸及膳食纖維（橘絡），有助抗氧化與腸道健康。	拜拜祈福,家庭分享,懶人免動刀	潤喉養肺,幫助消化/解膩,解酒/宿醉	柑橘酸有助分解酒精；陳皮(橘絡)有助理氣化痰。
citrus_tankan	柑橘	桶柑	Tankan	年柑,橘子,柑仔	過年必備的「年柑」，風味濃郁			[9,10,8,4,1,0,0,0,0,0,0,4]	[12,1,2,3,4]	[1,2]	11	4	45	48	-1	8	6	2	Bitter	Swallow	#FF8C00	國產	宜蘭員山	肉質細緻，汁多，纖維適中	食慾不振、燥熱口渴	痰濕體質、風寒感冒	無特殊高風險	果皮橙紅，油胞細緻	蒂頭平整，無枯萎	手感沉重（代表水分足）	柑橘香氣重，檢查果皮有無軟爛	可套袋冷藏保存較久	因為以前是用木桶裝運，所以叫桶柑。	含有類黃酮素（Flavonoids）與維生素C，鉀含量適中。	拜拜祈福,體面送禮	潤喉養肺,美白抗氧化	酸甜生津，水分多能滋潤喉嚨。
citrus_murcott	柑橘	茂谷柑	Murcott Tangerine	橘子,蜜柑	皮薄汁多，甜度極高的柑橘之王			[9,10,8,2,0,0,0,0,0,0,0,3]	[1,2,3,4]	[1,2]	14	5	45	50	-1	9	7	3	Bitter	Swallow	#FF7F50	國產	台中東勢	果肉極細緻，水分爆漿，纖維極少	熱病後津液不足、口乾	血糖控制不佳、胃酸過多	**高糖警示**：甜度高。	果形扁圓，皮光滑亮麗	蒂頭微凹，果梗細	手感極重（密度高）	皮薄可透光，檢查有無曬傷痕跡	皮薄易失水，需冷藏或快吃	是寬皮柑與甜橙的混種，難怪這麼甜。	糖酸比高，富含維生素C、有機酸及礦物質鉀。	體面送禮,拜拜祈福,生津解渴	美白抗氧化,抗發炎/免疫調節	維生素C幫助鐵質吸收，改善氣色並增強免疫。
citrus_sugar	柑橘	砂糖橘	Sugar Mandarin	一口橘,珍珠柑	小小一顆，甜到心坎裡，幾乎無酸			[10,8,3,0,0,0,0,0,0,0,4,9]	[11,12,1]	[12,1]	16	1	50	53	1	8	5	3	Bitter	Swallow	#FFA07A	國產	南投中寮	肉質極細嫩，入口即化，無渣	食少納呆、消化不良	痰多咳嗽、糖尿病	**高糖警示**：極易過量。	果形小，皮粗糙無光澤	果皮易剝，蒂頭綠	果身極軟（皮薄肉軟）	無特殊異味，檢查有無發霉（極易發霉）	極易發霉，需冷藏且保持乾燥	因為甜度像砂糖一樣而得名。	果糖含量高，含有維生素C及β-隱黃素（Beta-cryptoxanthin）。	懶人免動刀,螞蟻人	潤喉養肺,美白抗氧化	小巧易食且甜度高，適合生病沒胃口時補充能量。
citrus_emperor	柑橘	帝王柑	Emperor Mandarin	貢柑	皮薄好剝，清甜不膩，有檸檬香			[5,2,0,0,0,0,0,0,0,1,6,9]	[11,12,1,2]	[11,12]	11	2	40	46	-1	9	4	3	Bitter	Swallow	#FFD700	國產	苗栗卓蘭	果肉細緻，水分多，口感清爽	燥熱咳嗽、口渴	體寒胃痛、腹瀉	無特殊高風險	果皮黃綠色（不需全黃）	皮薄如紙，油胞細	手感結實	帶有淡淡檸檬香	通風保存	雖然叫帝王柑，但其實性情溫和清爽。	皮薄，富含揮發性精油（果皮）與維生素C，有機酸含量較低。	酸甜開胃,懶人免動刀	美白抗氧化,抗發炎/免疫調節	性質較平和，汁多潤喉，不易生痰。
citrus_beauty	柑橘	美人柑	Beauty Mandarin	紅柑,美女柑	果皮紅艷，造型像鐘，果肉細嫩			[10,9,5,1,0,0,0,0,0,0,0,5]	[1,2,3,4]	[1,2]	12	5	45	44	-1	9	8	3	Bitter	Swallow	#FF4500	國產	苗栗獅潭	肉質細嫩，汁多味濃，纖維少	食積氣滯、口乾	胃酸過多、胃潰瘍	無特殊高風險	果皮橘紅，油胞明顯	蒂頭處隆起像鼻子（頸部明顯）	皮薄汁多，手感沉	香氣濃烈，檢查頸部有無腐爛	皮薄易爛，建議冷藏	又名「紅柑」，是柑橘中外型最特殊的。	富含類胡蘿蔔素、維生素C及膳食纖維，水分含量高。	體面送禮,稀有嘗鮮	美白抗氧化,補水/消水腫	富含纖維與水分，促進代謝。
citrus_fremont	柑橘	佛利蒙柑	Fremont Mandarin	福柑	果肉深橙色，風味濃厚酸甜明顯			[3,1,0,0,0,0,0,0,0,2,7,9]	[10,11,12,1]	[11,12]	13	4	45	49	0	8	6	2	Bitter	Swallow	#FF6347	國產	台東	果肉柔軟，汁多，風味濃厚	消化不良、食慾差	胃酸過多、空腹	無特殊高風險	果皮深橙紅色，色澤艷麗	果形扁圓，大小適中	皮薄多汁，按壓微軟	風味極濃，檢查蒂頭有無脫落	冷藏保存	雖然個頭小，但維生素C含量驚人。	果色深橙，β-胡蘿蔔素與維生素C含量高，風味濃郁。	料理加工,美顏補氣	美白抗氧化,幫助消化/解膩	維生素C含量高，強化身體防禦機制。
citrus_haili	柑橘	海梨柑	Haili Tangor	海梨仔	酸度極低，口感脆甜，水分較少			[8,6,2,0,0,0,0,0,0,0,2,7]	[12,1,2,3]	[12,1]	10	2	40	42	-2	7	3	2	Bitter	Swallow	#FFD700	國產	新竹芎林	口感硬脆，水分較少，無酸味	熱咳、口乾舌燥	體質虛寒、風寒咳嗽	無特殊高風險	果皮光滑橙黃	蒂頭平整	按壓較硬實，水分較少	聞起來幾乎無酸味	耐儲存，通風即可	因為水分較少，吃起來不會滴得到處都是。	酸度極低，含有維生素C與纖維，對胃部刺激較小。	螞蟻人,耐放存糧	潤喉養肺,幫助消化/解膩	酸度低刺激小，水分充足滋潤咽喉。
citrus_orange	柑橘	柳丁	Taiwan Orange	柳橙,印子柑	台灣國民水果，香甜便宜又營養		TRUE	[10,8,4,1,0,0,0,0,0,1,5,10]	[11,12,1,2]	[11,12,1]	12	3	45	42	0	8	6	1	Bitter	Swallow	#FFA500	國產	雲林古坑	纖維細緻，汁多，口感清甜	酒後口渴、噁心嘔吐、陰虛火旺	飯前空腹、胃酸過多	無特殊高風險	果形中小，皮薄光滑	底部有圓圈（印子）明顯	手感沉重，皮貼合果肉	帶有清香，絕不可有酒味（發酵）	常溫通風可放2週	季末（1月後）的柳丁雖然醜，但最甜。	富含維生素C、膳食纖維（果膠）及類黃酮，有助於抗氧化。	家庭分享,料理加工,美顏補氣	美白抗氧化,血壓調節,順暢排便	豐富維生素C抗氧化；膳食纖維促進排便。
citrus_navel	柑橘	臍橙	Navel Orange	財丁,肚臍丁	柑橘界的勞斯萊斯，無籽多汁	TRUE		[8,5,1,0,0,0,0,0,0,0,3,9]	[11,12,1]	[12]	13	4	48	48	0	9	8	3	Bitter	None	#FF8C00	國產	台東成功	肉質細緻，無籽，多汁爽口	氣滯胸悶、口渴	血糖控制不佳、胃寒	無特殊高風險	果形碩大，顏色橙黃	底部有明顯「肚臍」（副果）	手感極重	香氣高雅，檢查肚臍處有無發霉	皮薄易失水，建議套袋冷藏	底部的肚臍其實是一個發育不全的小果實。	無籽，維生素C含量高，富含檸檬酸與鉀。	體面送禮,拜拜祈福,懶人免動刀	美白抗氧化,幫助消化/解膩	鉀離子助排鈉降壓；維C含量高。
citrus_valencia	柑橘	晚倫西亞橙	Valencia Orange	香丁,晚生橙	台灣唯一的夏天柳丁，酸甜有勁			[0,1,6,9,8,4,1,0,0,0,0,0]	[3,4,5,6]	[4,5]	12	6	45	46	-1	9	9	2	Bitter	Swallow	#FF7F50	國產	台東東河	汁水量大，纖維適中，口感紮實	暑熱口渴、消化不良	胃酸過多、牙齒敏感	無特殊高風險	果皮橙黃，略顯粗糙	果形長圓，蒂頭新鮮	汁水量大，手感重	香氣濃郁，檢查果皮有無軟爛	冷藏保存	因為成熟期長達14個月，又叫「香丁」。	酸度較高，富含維生素C、檸檬酸及橙皮苷。	酸甜開胃,料理加工	美白抗氧化,幫助消化/解膩	豐富果糖與水分加速酒精代謝；酸味開胃。
citrus_blood	柑橘	血橙	Blood Orange	紅肉柳丁	果肉帶有血絲般的紅色，富含花青素			[7,6,4,1,0,0,0,0,0,0,0,4]	[12,1,2,3]	[1,2]	13	5	48	48	0	9	7	4	Bitter	Swallow	#DC143C	進口	義大利西西里	肉質細緻，帶有特殊莓果風味	氣血循環差、食慾不振	胃潰瘍、體質虛寒	無特殊高風險	果皮帶有紅暈（像腮紅）	表皮油胞細緻	手感結實	帶有覆盆子香氣	冷藏保存	切開像紅寶石一樣，非常適合作沙拉或調酒。	含有豐富的花青素（Anthocyanin）與維生素C，具強抗氧化力。	美顏補氣,稀有嘗鮮	補氣血/暖身,美白抗氧化,血壓調節	花青素與維C協同作用，抗氧化並改善循環。
citrus_wentan	柑橘	麻豆文旦	Wentan Pomelo	柚子,文旦柚	中秋必吃，果肉細緻甘甜		TRUE	[0,0,0,0,0,0,0,4,10,7,2,0]	[8,9,10,11]	[9]	11	3	30	33	-2	8	7	2	No	Swallow	#9ACD32	國產	台南麻豆	肉質細緻甘甜，辭水後口感軟米	酒醉、口臭、消化不良（肉食）	體質虛寒、腹瀉、服降壓藥者	**藥物交互作用**：避開高血壓/降血脂藥。	果形上尖下寬（不倒翁狀）	毛孔（油胞）細緻，底部寬平	按壓底部微軟（代表辭水）	聞起來有文旦清香，無油耗味	通風「辭水」（消水）後風味最佳	老欉文旦通常比較小顆，皮也比較薄。	富含維生素C、膳食纖維及柚皮苷，鈉含量低，鉀含量高。	拜拜祈福,順暢排空,耐放存糧	幫助消化/解膩,解酒/宿醉,血壓調節	豐富纖維促進大腸蠕動；柚皮苷助消化。
citrus_red_pomelo	柑橘	紅文旦	Red Pomelo	紅肉柚子	果肉鮮紅厚實，酸甜多汁，體型大			[0,0,0,0,0,0,0,0,2,8,9,4]	[9,10,11,12]	[10,11]	10	4	30	35	-1	9	6	3	No	Swallow	#F08080	國產	台南麻豆	肉質厚實，水分多，口感紮實	氣滯胸悶、消化不良	胃寒者、生理期、服藥者	**藥物交互作用**：避開特定藥物。	果形巨大，呈洋梨形	果皮粗厚，油胞大	手感極重（水分足）	柚香濃厚，檢查表皮有無蟲蛀	耐儲存，可放1-2個月	紅文旦的抗氧化能力比白文旦更高。	果肉紅色含有茄紅素與β-胡蘿蔔素，維生素C含量高於白文旦。	拜拜祈福,美顏補氣	補氣血/暖身,幫助消化/解膩,血壓調節	鉀離子含量高；紅色果肉含抗氧化營養素。
citrus_white_pomelo	柑橘	大白柚	White Pomelo	白柚	白露後的珍饈，汁多甘甜，這才是老饕首選			[0,0,0,0,0,0,0,0,1,6,10,8]	[10,11,12]	[11]	10	4	30	38	-2	8	6	3	No	Swallow	#FFFFE0	國產	彰化二水	肉質豐厚，水分極多，口感軟嫩	咳嗽氣喘（熱咳）、便秘、酒醉	身體虛寒、腹瀉、服藥者	**藥物交互作用**：避開特定藥物。	果形扁圓巨大	果皮黃綠，色澤均勻	按壓微軟（代表辭水）	清甜回甘香氣，檢查底部有無腐爛	通風保存，越放越甜	俗諺「內行人吃白柚，外行人吃文旦」。	果實大，維生素C與水分豐富，含有柚皮苷等植化素。	順暢排空,老饕最愛,耐放存糧	解酒/宿醉,幫助消化/解膩,順暢排便	中醫認為白柚有化痰止咳之效；水分多助代謝酒精。
citrus_xishi	柑橘	西施柚	Xishi Pomelo	蜜柚	果肉粉紅如西施臉蛋，纖維細緻			[0,0,0,0,0,0,0,0,0,5,10,8]	[10,11,12]	[11]	12	2	35	37	-1	9	5	3	No	Swallow	#FFC0CB	國產	高雄燕巢	肉質極細緻，入口即化，纖維少	食積不化、口乾	腹瀉、體寒、服藥者	**藥物交互作用**：避開特定藥物。	表面光滑，絨層透粉紅	果形圓潤，蒂頭平	摸起來像棉花糖般軟（皮軟）	香氣淡雅，檢查表皮有無黑斑	通風保存	是泰國柚改良品種，口感最細緻的柚子。	果肉粉紅含有類胡蘿蔔素，纖維細緻，富含維生素C。	酸甜開胃,體面送禮	幫助消化/解膩,補水/消水腫	纖維細緻幫助腸胃蠕動。
citrus_honey_pomelo	柑橘	蜜柚	Honey Pomelo	綠皮葡萄柚	果形圓滾滾，少了文旦的尖頭，口感清甜			[0,0,0,0,0,0,0,0,2,7,10,6]	[9,10,11,12]	[11]	11	3	35	36	-1	9	4	2	No	Swallow	#F5F5DC	國產	嘉義竹崎	肉質軟嫩，水分多，口感清甜	胃陰不足、口渴	糖尿病、腹瀉	無特殊高風險	果形圓球狀	果皮光滑綠色，無稜角	手感沉重	無苦味，聞起來清香	通風保存	又稱「綠皮葡萄柚」，但沒有葡萄柚的苦味。	酸度低，含有維生素C及可溶性纖維，水分充足。	酸甜開胃,家庭分享	美白抗氧化,幫助消化/解膩	低鈉高鉀，有助於血壓穩定。
citrus_grapefruit_white	柑橘	葡萄柚	White Grapefruit	白肉葡萄柚	富含維C與膳食纖維，減重好幫手		TRUE	[4,2,0,0,0,0,0,0,1,5,9,8]	[10,11,12]	[11]	9	8	25	33	-2	10	7	2	No	Swallow	#FFFFE0	國產	嘉義竹崎	果粒感明顯，水分多，纖維稍粗	食慾不振、飲酒過量、孕婦（補葉酸）	服用降血壓/血脂藥者（絕對禁忌）、體寒	**藥物交互作用 (粗體)**：絕對禁止與降血壓/血脂藥同食。	果皮黃色，皮薄光滑	果形扁圓，蒂頭完整	手感沉重（水分足）	帶有微苦的柚香，檢查有無壓傷	通風或冷藏皆可	吃葡萄柚減肥是因為它能降低胰島素濃度，不是因為它燃脂。	富含維生素C、柚皮苷及膳食纖維，鉀含量高。	低卡減負,順暢排空	血壓調節,解酒/宿醉,美白抗氧化	鉀離子助排水；特有香氣與成分助代謝。
citrus_grapefruit_ruby	柑橘	紅寶石葡萄柚	Ruby Grapefruit	紅肉葡萄柚	果肉粉紅，甜度比白肉高，酸苦味較低			[3,2,0,0,0,0,0,0,2,6,9,7]	[10,11,12]	[11]	10	7	25	37	-2	10	6	3	No	Swallow	#FF6347	國產	南非/美國	肉質細緻，水分多，口感較白肉軟	心血管保健、消化不良	服用特定藥物者、胃酸過多	**藥物交互作用**：絕對禁止與降血壓/血脂藥同食。	果皮帶有紅暈	皮薄光滑，油胞細	按壓有彈性	香氣較甜，無發酵味	冷藏保存	粉紅色的肉是因為含有番茄紅素。	含有茄紅素、β-胡蘿蔔素及維生素C，抗氧化成分豐富。	低卡減負,美顏補氣	美白抗氧化,血壓調節,補水/消水腫	茄紅素抗氧化，保護心血管與免疫系統。
citrus_grapefruit_star	柑橘	星紅寶石葡萄柚	Star Ruby Grapefruit	深紅葡萄柚	果肉深紅，皮薄汁多，葡萄柚中的極品	TRUE		[3,2,0,0,0,0,0,0,2,6,9,7]	[10,11,12]	[11]	11	6	28	38	-1	10	6	3	No	Swallow	#8B0000	進口	南非	肉質最細緻，水分最多，口感極佳	抗氧化需求、便秘	服用特定藥物者、體寒	**藥物交互作用**：絕對禁止與特定藥物同食。	皮最薄，果色深紅	表面極光滑，無皺縮	手感最重（密度最高）	甜香明顯	冷藏保存	這是目前世界上果肉顏色最紅的葡萄柚品種。	茄紅素含量最高，富含抗氧化劑與膳食纖維。	美顏補氣,稀有嘗鮮	美白抗氧化,血壓調節	極高維生素C促進膠原蛋白生成。
citrus_sweetie	柑橘	甜葡萄柚	Sweetie	青皮葡萄柚	綠皮卻很甜，完全沒有酸澀味			[6,5,2,0,0,0,0,0,0,2,6,8]	[11,12,1,2]	[12,1]	12	2	30	35	-1	9	4	3	No	Swallow	#90EE90	進口	以色列	肉質柔軟，汁多，無酸澀感	怕酸想補充維C、口乾	服用特定藥物者	**藥物交互作用**：絕對禁止與特定藥物同食。	果皮長青（綠色）	果形像柚子，蒂頭綠	按壓微軟（皮厚肉軟）	清香無苦味	通風保存	是以色列培育的品種，打破葡萄柚就是酸苦的印象。	酸度低，保留葡萄柚的柚皮苷與維生素C，苦味成分較少。	螞蟻人,稀有嘗鮮	補水/消水腫,血壓調節	鉀含量豐富，且無酸澀感易入口。
citrus_calamansi	柑橘	四季桔	Calamansi	金桔檸檬,公孫桔	酸勁十足，調飲佐料必備			[7,7,7,7,8,8,8,7,7,7,7,7]	[1,2,3,4,5,6,7,8,9,10,11,12]	[5,6,7]	11	9	20	32	-1	8	7	1	Bitter	Swallow	#FFA500	國產	屏東九如	果肉柔軟，汁多酸勁強	咽喉腫痛、食積氣滯	胃酸過多、牙齒敏感	無特殊高風險	果色金黃或青綠	果皮光滑，油胞細	果實雖軟但有彈性	酸氣撲鼻，檢查有無發霉	冷藏保存	台灣路邊攤的「金桔檸檬」通常都是用這個四季桔做的，不是真的金桔。	酸度高，富含維生素C、檸檬酸及橘皮苷。	料理加工,潤喉護嗓	潤喉養肺,美白抗氧化,解酒/宿醉	酸性成分刺激唾液分泌潤喉；金桔苷助化痰。
citrus_kumquat	柑橘	金桔	Kumquat	金柑,鹹金桔	連皮吃的迷你柑橘，理氣化痰		TRUE	[9,8,6,3,1,0,0,0,0,2,6,9]	[11,12,1,2]	[12,1]	14	7	30	55	1	4	9	2	Yes	Swallow	#FF8C00	國產	屏東九如	皮脆肉酸，口感層次豐富	咳嗽痰多、胸悶鬱氣、喉嚨乾癢	空腹食用、胃潰瘍	無特殊高風險	果色金黃均勻	蒂頭翠綠，無枯萎	按壓有彈性，不可過軟	湊近聞皮有精油香	冷藏保存	皮是甜的，肉是酸的，所以一定要整顆吃才好吃。	連皮食用，富含維生素C、金桔苷及膳食纖維，有助喉嚨保養。	潤喉護嗓,懶人免動刀,料理加工	潤喉養肺,幫助消化/解膩,解酒/宿醉	果皮含揮發性精油與維生素P，理氣止咳。
citrus_yilan_kumquat	柑橘	宜蘭金棗	Yilan Kumquat	金柑,長實金柑	呈橢圓形，皮甜肉酸，生津止渴			[10,9,5,1,0,0,0,0,0,0,2,7]	[11,12,1,2]	[12,1]	15	5	35	65	1	5	8	2	Yes	Swallow	#FFA500	國產	宜蘭礁溪	皮甜肉酸，口感爽脆，肉質紮實	寒咳（煮湯）、脹氣、消化不良	糖尿病（蜜餞）、蛀牙	無特殊高風險	果形橢圓長條	果皮金黃無瑕	手感結實，皮肉緊貼	香氣濃郁，無發酵味	冷藏保存	宜蘭是全台唯一量產金棗的地方，多加工成蜜餞。	果皮甜，富含類黃酮、維生素C及揮發性精油。	潤喉護嗓,懶人免動刀,料理加工	潤喉養肺,幫助消化/解膩	幫助理氣消食，生津止渴。
citrus_lemon	柑橘	檸檬	Lemon	利檬,Lemon	維C寶庫，料理提味神隊友		TRUE	[6,5,4,5,7,9,10,9,8,7,7,6]	[1,2,3,4,5,6,7,8,9,10,11,12]	[7,8]	8	10	20	33	-1	9	9	2	Bitter	Swallow	#32CD32	國產	屏東九如	汁多味酸，果肉細緻	暑熱口渴、懷孕嘔吐、咽喉炎	胃潰瘍、胃酸過多、牙齒敏感	**牙齒酸蝕**：喝完需漱口。	果皮綠色且油亮（勿選啞光）	蒂頭鮮綠，無枯黃	手感微軟代表皮薄汁多	香氣濃烈，檢查表皮有無水傷	冷藏或切片冷凍	檸檬放久了變黃叫黃檸檬？錯，那是不同品種。	富含檸檬酸、維生素C及鉀，果皮含檸檬精油（Limonene）。	美顏補氣,料理加工,烘焙	美白抗氧化,幫助消化/解膩,解酒/宿醉	維生素C增強白血球活性；酸味刺激肝臟解毒酵素。
citrus_lime	柑橘	萊姆	Lime	無籽檸檬,Lime	無籽檸檬，皮薄汁多，酸味較溫和			[5,4,3,4,6,9,10,9,7,6,5,5]	[5,6,7,8,9]	[7,8]	8	9	20	30	-1	9	7	3	Bitter	None	#006400	國產	屏東	無籽，汁多，果肉細緻	食慾不振、中暑	胃酸過多、空腹	無特殊高風險	果皮光滑黃綠色	屁股平整無乳突（檸檬有乳突）	皮極薄，按壓微軟	香氣較檸檬淡，帶有清香	冷藏保存	分辨檸檬跟萊姆不是看顏色，是看「有沒有籽」和「果皮厚度」。	含有檸檬酸、維生素C及類黃酮，無籽方便食用。	料理加工,烘焙	美白抗氧化,幫助消化/解膩	清香酸味刺激食慾；維生素C抗氧化。
citrus_perfume_lemon	柑橘	香水檸檬	Perfume Lemon	香檸	果形修長，酸度低，香氣極其濃郁			[8,8,8,8,8,8,8,8,8,8,8,8]	[1,2,3,4,5,6,7,8,9,10,11,12]	[6,7,8]	9	8	25	35	0	8	10	2	Bitter	Swallow	#FFFF00	國產	花蓮	果皮厚但可食，汁多，香氣重	熱咳、咽痛、煩躁	胃寒、胃酸過多	無特殊高風險	果形長橢圓	果皮有明顯凹凸（不光滑）	按壓軟代表汁多	有特殊香茅味，檢查有無蟲咬	通風保存	皮沒有苦味，可以直接切片沾梅粉吃。	果皮厚含豐富果膠與精油，維生素C含量豐富。	美顏補氣,料理加工	美白抗氧化,解酒/宿醉	果皮富含精油與多酚，具抗氧化與美膚效果。
citrus_xiangmeng	柑橘	扁實檸檬	Taiwan Tangerine	山桔仔,台灣香檬	台灣原生種「香檬」，維生素C是檸檬30倍			[0,0,0,0,0,0,2,6,9,10,6,2]	[8,9,10,11]	[10]	10	10	25	32	-1	8	9	3	Bitter	Swallow	#32CD32	國產	屏東	汁多味酸，果肉細小	三高族群、疲勞	胃潰瘍、怕酸者	無特殊高風險	果形極小扁圓	果皮凹凸不平	手感硬實	有強烈橘子香氣	冷藏保存	雖然很酸，但含有的川陳皮素（抗老化成分）極高。	富含川陳皮素（Nobiletin）與橘皮素，維生素C含量極高。	美顏補氣,料理加工,特殊護理	舒壓助眠,血壓調節,抗發炎/免疫調節	川陳皮素(Nobiletin)有助代謝；香氣舒緩壓力。
citrus_finger_lime	柑橘	手指檸檬	Finger Lime	澳洲手指檸檬	水果界的魚子醬，咬破會爆珠	TRUE		[4,4,4,5,6,7,8,8,7,6,5,4]	[6,7,8,9]	[7,8]	8	10	20	30	0	7	8	5	Yes	Swallow	#FF69B4	進口	澳洲	果粒如魚卵般爆珠，口感爽脆	食慾差、消化不良	密集恐懼症、胃酸過多	無特殊高風險	果形像手指，長條狀	表皮顏色均勻（紅/綠/黑）	輕壓有些微彈性	有萊姆香氣，檢查有無斷裂	冷藏保存	澳洲引進的貴族水果，價格非常高昂。	含有高量維生素C、檸檬酸及抗氧化成分，型態特殊。	稀有嘗鮮,體面送禮	幫助消化/解膩,美白抗氧化	酸味與特殊的爆珠口感能解油膩。
citrus_meyer	柑橘	黃檸檬	Meyer Lemon	梅爾檸檬	酸度柔和帶花香，西式料理必備			[6,6,6,6,6,6,6,6,6,6,6,6]	[1,2,3,4,5,6,7,8,9,10,11,12]	[5,6]	9	8	25	32	-1	9	8	3	Bitter	Swallow	#FFFF00	進口	美國加州	果肉細緻，汁多，酸度柔和	西式料理解膩、口乾	胃酸過多	無特殊高風險	果皮鮮黃色	表面光滑，毛孔細	手感微軟（皮薄）	有淡淡花香，無發酵味	冷藏保存	梅爾檸檬是檸檬跟橘子的混種，所以比較不酸。	酸度較溫和，含有檸檬酸、維生素C及鉀。	烘焙,料理加工	美白抗氧化,幫助消化/解膩	溫和的酸味與花香能開胃。
persimmon_fuyu	柿子	甜柿	Fuyu Persimmon	富有柿,日本柿	免脫澀直接吃，口感像蘋果般脆甜		TRUE	[0,0,0,0,0,0,0,0,2,8,10,6]	[10,11,12]	[11]	16	1	55	60	-1	6	3	3	Yes	No	#FF8C00	國產	台中摩天嶺	口感硬脆，像蘋果，肉質細	肺熱咳嗽、高血壓、便秘	貧血、空腹、搭配螃蟹（胃石）	**胃石症**：勿空腹/配蟹。	果色橙紅均勻	果形扁圓，萼片綠	手感沉重，硬脆	脆甜無澀，檢查萼片下有無蟲糞	冷藏保存	甜柿在樹上就會自己脫澀，所以摘下來洗乾淨就能吃。	富含維生素A、C、鉀及果膠，單寧含量較澀柿低。	體面送禮,家庭分享	解酒/宿醉,血壓調節	鉀離子降壓；單寧酸與酵素加速酒精分解。
persimmon_jiro	柿子	次郎甜柿	Jiro Persimmon	次郎	果形方正，口感比富有更脆硬			[0,0,0,0,0,0,0,0,3,9,9,5]	[10,11,12]	[10]	15	1	55	58	-1	5	3	3	Yes	No	#FFA500	國產	苗栗泰安	口感比富有更硬脆，肉質紮實	熱渴、便血	體寒、胃酸過多	**胃石症**：勿空腹。	果形呈方形	有四條明顯溝紋	質地硬脆	甜度高，無澀味	冷藏保存	因為果形方正，很容易辨認，口感比富有柿更硬一些。	口感脆，含有β-胡蘿蔔素、維生素C及膳食纖維。	家庭分享	解酒/宿醉,血壓調節	鉀含量豐富。
persimmon_astringent	柿子	澀柿	Astringent Persimmon	水柿,紅柿,軟柿	需加工脫澀（水柿/紅柿），軟糯爆漿			[0,0,0,0,0,0,0,0,4,10,8,2]	[9,10,11]	[10]	14	3	55	55	-2	7	3	2	Yes	No	#FF4500	國產	嘉義番路	脫澀後口感軟爛，像果凍（紅柿）	甲狀腺腫大、高血壓	便秘、缺鐵性貧血	**胃石症**：勿空腹。	果形尖圓	果皮橘紅（紅柿）	按壓極軟（紅柿才可吃）	無澀味（需試吃或看軟度）	軟柿冷藏，硬柿室溫	未脫澀前絕對不能吃，會澀到舌頭麻掉。	脫澀後食用，單寧轉化不溶性，富含維生素A與糖分。	懷舊古早味,軟糯好咬	止瀉/收斂,血壓調節	未脫澀的單寧酸具收斂作用；柿餅上的柿霜潤肺。
persimmon_pencil	柿子	筆柿	Pencil Persimmon	長柿	形狀像毛筆，甜度是柿子中最高的			[1,0,0,0,0,0,0,0,0,1,6,10]	[11,12,1]	[12]	18	1	58	62	-1	6	3	2	Yes	No	#FF6347	國產	台中	口感極軟爛，甜度濃縮，像蜜糖	體虛、咳嗽（柿餅）	糖尿病、消化不良	**高糖/胃石症**。	果形長條如筆	果色深紅	按壓軟爛（像水球）	甜如蜂蜜，檢查有無破皮	冷藏保存	通常做成柿餅，甜度會濃縮到像糖果一樣。	糖度極高，乾燥成柿餅後富含膳食纖維與礦物質。	螞蟻人,料理加工	解酒/宿醉,美白抗氧化	做成柿餅後糖分濃縮，快速補給能量。
persimmon_bull_heart	柿子	牛心柿	Bull Heart Persimmon	水柿,脆柿	經石灰脫澀的脆柿，口感像餅乾一樣脆		TRUE	[0,0,0,0,0,0,0,0,4,10,8,2]	[9,10,11]	[10]	14	1	55	65	-1	5	2	2	Yes	No	#FFD700	國產	嘉義番路	口感極硬脆，像吃餅乾或青蘋果	腹瀉（收斂）、高血壓	便秘、貧血、空腹	**胃石症**：勿空腹食用或配螃蟹。	果形像牛心，果皮黃綠色（有白色石灰粉）	蒂頭鮮綠	質地極硬，敲擊有聲	無特殊香氣，吃的是口感	常溫保存，不要水洗（會變軟）	外面白白的粉是石灰，不是發霉，是要讓它脫澀用的。	富含果膠、鉀及維生素A，單寧酸已轉化不溶性。	懷舊古早味,軟糯好咬,料理加工,耐放存糧	止瀉/收斂,解酒/宿醉	單寧酸具收斂作用；鉀助解酒。
banana_north	香蕉	北蕉	Cavendish Banana	弓蕉,香蕉	台灣最常見的香蕉，香甜軟糯		TRUE	[8,8,8,9,9,8,7,7,7,8,8,8]	[1,2,3,4,5,6,7,8,9,10,11,12]	[4,5]	19	2	55	85	-1	4	8	1	No	None	#FFFFE0	國產	高雄旗山	口感軟糯，質地細緻，香甜濃郁	腸燥便秘（乾硬便）、憂鬱心煩、高血壓	脾胃虛寒（拉肚子）、腎臟病（限鉀）	**高鉀警示**：鉀含量高，腎友需限量。	果皮轉黃且有褐斑（芝麻斑）	果梗切口新鮮，無發黑腐爛	果身飽滿有彈性，不軟爛	無異味（發酵味），檢查有無壓傷	掛在通風處，不宜冷藏（會變黑）	香蕉的彎度跟品種有關，跟甜度無關。	富含鉀離子有助血壓調節，含有色胺酸有助合成血清素，高GI水果。	生津解渴,順暢排空,家庭分享,軟糯好咬	順暢排便,血壓調節,舒壓助眠	富含鉀離子調節電解質預防抽筋；色胺酸助合成血清素穩定情緒。
banana_lady_finger	香蕉	芭蕉	Lady Finger Banana	弓蕉,酸蕉	口感Q彈帶酸，風味獨特			[7,7,7,8,9,9,9,8,7,7,7,7]	[1,2,3,4,5,6,7,8,9,10,11,12]	[5,6,7]	18	5	52	95	0	5	6	2	No	None	#F5DEB3	國產	南投中寮	口感Q彈，肉質紮實，帶有嚼勁	熱結便秘、煩渴	體質虛寒、胃痛	**高鉀警示**：鉀含量高。	果形短胖，稜角明顯	蒂頭較粗且鮮綠	按壓果身要軟才好吃	湊近聞帶有微酸的果香	通風保存，需完全熟透才吃	芭蕉熱量比一般香蕉高，減重者注意。	抗性澱粉含量較一般香蕉高，富含膳食纖維與鉀，有助增加飽足感。	順暢排空,懷舊古早味	順暢排便,補水/消水腫	抗性澱粉與膳食纖維含量高，促進腸道蠕動。
banana_kluaikhai	香蕉	旦蕉	Kluai Khai Banana	一口蕉,雞蛋蕉	皮薄如紙，甜度驚人的「一口蕉」			[5,5,6,7,8,9,9,8,7,6,5,5]	[5,6,7,8,9]	[7,8]	22	1	60	98	1	3	9	3	No	None	#FFD700	國產	屏東	肉質綿密，口感滑順，甜度極高	體虛消瘦、便秘	糖尿病、腹瀉者	**高糖警示**：極甜。	果形極小，皮薄透光	果皮金黃無斑，蒂頭新鮮	輕輕一捏皮肉分離	香氣帶有明顯蛋香	極易過熟，買回要快吃	皮薄到透光，又稱「雞蛋蕉」。	糖分密度高，富含碳水化合物與鉀，快速補充能量。	懶人免動刀,螞蟻人	順暢排便,舒壓助眠	高密度碳水化合物，運動前後的能量補給站。
banana_red	香蕉	紅皮蕉	Red Banana	蘋果蕉	果皮紫紅色，帶有淡淡蘋果香			[4,4,5,6,8,9,9,8,6,5,4,4]	[5,6,7,8,9]	[7,8]	18	3	55	90	0	5	7	3	No	None	#A52A2A	國產	屏東	肉質軟黏，口感像奶油，纖維少	情緒低落、便秘	腎臟病、腸胃虛寒	**高鉀警示**：鉀含量高。	果皮呈現暗紫紅色	果指較短肥，排列緊密	手感軟糯，不可過硬	湊近聞帶有淡淡蘋果香氣	通風保存	肉質軟黏，口感像奶油。	含有類胡蘿蔔素與花青素，鉀與鎂含量豐富。	稀有嘗鮮,視覺系	護眼明目,順暢排便	含有較多β-胡蘿蔔素與花青素，抗氧化護眼。
banana_rose	香蕉	玫瑰蕉	Rose Banana	拜拜蕉	細長秀氣，帶有淡淡玫瑰香			[5,5,6,8,9,9,8,7,6,5,5,5]	[5,6,7,8,9]	[6,7]	20	2	58	92	0	4	9	3	No	None	#FFC0CB	國產	南投	肉質細緻，口感軟糯，香氣特殊	消化不良、便秘	腎臟病、腹瀉	**高糖/高鉀**。	果形細長秀氣	果皮黃亮，兩端尖細	手感微軟	聞起來有淡淡玫瑰花香	通風保存	是野生蕉馴化而來，抗病力強。	香氣成分特殊，含有維生素B6、C及膳食纖維。	稀有嘗鮮,視覺系	舒壓助眠,順暢排便	纖維細緻，較易消化，減少腸胃負擔。
banana_latundan	香蕉	呂宋蕉	Latundan Banana	南洋蕉	帶有特殊的果酸味，口感清爽			[6,6,7,8,9,9,8,7,6,6,6,6]	[1,2,3,4,5,6,7,8,9,10,11,12]	[5,6]	17	4	52	88	-1	5	6	2	No	None	#FFFACD	國產	屏東	口感綿密，略帶粉質，酸甜適中	熱病煩渴、便秘	胃寒痛、腹瀉	**高鉀警示**。	果皮黃中帶青，略顯粗糙	果指較短，排列整齊	手感結實	清香解膩，檢查果皮有無裂開	通風保存	在菲律賓是最受歡迎的品種之一。	帶有果酸，富含維生素C與膳食纖維，熱量較一般香蕉略低。	稀有嘗鮮,酸甜開胃	順暢排便,血壓調節	果膠豐富，有助於潤腸通便。
banana_emperor	香蕉	帝王芭蕉	Emperor Banana	皇帝蕉	公認最好吃的芭蕉，肉質細緻	TRUE		[6,6,7,8,9,9,8,7,6,6,6,6]	[1,2,3,4,5,6,7,8,9,10,11,12]	[5,6]	19	3	55	90	0	5	6	3	No	None	#DAA520	國產	高雄	肉質細緻Q彈，口感極佳，無酸味	體虛便秘、痔瘡出血	腎臟病、脾虛泄瀉	**高鉀警示**。	果形較一般芭蕉長	稜角較不明顯，轉黃均勻	手感Q彈	香氣濃郁，檢查有無壓傷	通風保存	古時候是進貢給皇帝吃的，故名帝王蕉。	肉質細緻，富含果膠、鉀、鎂及維生素B群。	老饕最愛,順暢排空	舒壓助眠,順暢排便	營養密度高，鉀含量豐富助降壓。
banana_honey	香蕉	蜜蕉	Honey Banana	山蕉	甜度高，口感綿密			[5,5,6,7,9,9,8,7,6,5,5,5]	[5,6,7,8,9]	[6,7]	21	2	58	96	1	4	7	2	No	None	#F0E68C	國產	台南	肉質黏密，口感紮實，甜度濃縮	運動後疲勞、消瘦	糖尿病、腎臟病	**高熱量**：熱量較高。	果柄較長，彎曲度大	果尾尖細，皮厚	手感黏密微軟	甜味濃厚，檢查表皮黑斑不宜過多	通風保存	常生長在山區，又稱山蕉。	碳水化合物密度高，提供高熱量與鉀，適合運動後補充。	生津解渴,特殊護理	舒壓助眠,順暢排便	熱量高，鉀離子豐富，適合高強度運動後補充。
peach_lalashan	核果	拉拉山水蜜桃	Lalashan Peach	水蜜桃	高山雲霧孕育，皮薄汁多氣味香	TRUE		[0,0,0,0,2,8,10,6,1,0,0,0]	[5,6,7,8]	[6,7]	14	2	42	39	1	9	10	5	Yes	No	#FFB6C1	國產	桃園拉拉山	肉質極細緻，柔軟多汁，入口即化	氣血虧虛、面黃肌瘦、乾咳	內熱上火、糖尿病、嬰兒（絨毛）	無特殊高風險	表面絨毛明顯	縫合線淺，蒂頭周圍平坦	按壓極軟（小心輕摸）	香氣濃郁，檢查盒底有無出水	極易碰傷，原盒冷藏	真正的拉拉山水蜜桃蒂頭周圍會有「平坦」的特徵。	皮薄汁多，富含鐵質、維生素C及多酚類，抗氧化。	體面送禮,酸甜開胃	補氣血/暖身,順暢排便,美白抗氧化	鐵質含量在水果中尚可，補氣血；維C助美白。
peach_import	核果	進口水蜜桃	Imported Peach	加州桃,日本桃	個頭大，口感較紮實，價格較親民		TRUE	[0,0,0,0,2,6,9,10,8,4,1,0]	[6,7,8,9]	[8]	13	3	40	42	1	8	8	3	Yes	No	#FFC0CB	進口	美國/日本	口感硬脆，肉質紮實，耐儲運	便秘、皮膚乾燥	糖尿病、熱性體質	無特殊高風險	顏色紅潤，絨毛較少	縫合線明顯	手感較硬，耐壓	香氣較淡，室溫放軟後才有香味	室溫放軟後冷藏	通常指美國或智利進口的桃子，比較耐放。	口感較硬，纖維較多，含有維生素A、C及鉀。	體面送禮,家庭分享	補氣血/暖身,順暢排便	果膠與纖維含量豐富。
nectarine	核果	甜桃	Nectarine	油桃	表面光滑無毛，口感脆甜像李子			[2,1,0,0,3,7,9,8,4,1,1,1]	[5,6,7,8]	[6,7]	12	5	40	44	1	7	6	2	Yes	No	#DC143C	進口	美國加州	口感脆硬，肉質紮實，帶皮吃口感佳	津液不足、便秘	熱性體質、糖尿病	無特殊高風險	果皮光滑油亮（無毛）	顏色鮮紅	觸感硬實，像李子	甜中帶酸，無特殊香氣	冷藏保存	又稱油桃，是桃子的一種變異，不是李子混種。	無絨毛，富含維生素C、A及膳食纖維，口感似李子。	懶人免動刀,家庭分享	順暢排便,美白抗氧化	連皮吃纖維多；維生素C含量不錯。
peach_flat	核果	蟠桃	Flat Peach	扁桃,飛碟桃	形狀扁平像甜甜圈，甜度極高			[1,1,0,0,2,6,9,8,4,1,0,0]	[6,7,8]	[7]	15	2	42	45	1	8	8	4	Yes	No	#FF69B4	進口	西班牙	肉質細緻，口感軟糯，甜度高	缺鐵貧血、經期後	上火、糖尿病	無特殊高風險	形狀扁平，像飛碟	果窩深陷	肉質細緻，邊緣微軟	香氣濃，檢查果皮有無裂痕	冷藏保存	傳說中王母娘娘開趴吃的桃子就是這種。	甜度高，含有維生素C、鐵及多種氨基酸。	稀有嘗鮮,螞蟻人	補氣血/暖身,順暢排便	含鐵量與維生素C輔助造血。
peach_yingge	核果	鶯歌桃	Yingge Peach	脆桃,醃桃	口感硬脆，醃漬桃子的最佳原料			[0,0,0,4,9,8,2,0,0,0,0,0]	[4,5,6]	[5]	10	6	35	38	0	5	4	1	Yes	No	#F08080	國產	桃園鶯歌	口感極硬脆，酸澀，適合醃漬	消化不良（醃漬）、口乾	胃酸過多、牙齒敏感	無特殊高風險	果頂尖尖像鳥嘴	果色偏青紅	質地極硬，像石頭	酸澀味重，主要檢查有無蟲蛀	通常醃漬後食用	因為尾巴尖尖像鶯歌鳥的嘴巴而得名。	質地硬，有機酸含量高，通常醃漬後食用。	懷舊古早味,料理加工	順暢排便,補氣血/暖身	通常醃漬食用，酸甜味助開胃消食。
plum_red	核果	紅肉李	Red Flesh Plum	李子,桃接李	果肉鮮紅酸甜，釀酒醃漬皆宜		TRUE	[0,0,0,2,8,10,4,0,0,0,0,0]	[4,5,6]	[5,6]	12	7	35	48	0	8	5	2	Yes	No	#8B0000	國產	苗栗大湖	口感軟嫩多汁，皮酸肉甜	陰虛內熱、肝硬化腹水、便秘	脾胃虛寒、胃酸過多、潰瘍	無特殊高風險	果皮紫黑有果粉	果形圓潤	按壓微軟（太硬會酸）	酸味明顯，無發酵味	室溫放軟或醃漬	花青素含量極高，抗氧化效果好。	果皮果肉皆紅，富含花青素、維生素C及膳食纖維。	料理加工,酸甜開胃,美顏補氣	幫助消化/解膩,補氣血/暖身,順暢排便	促進胃酸與消化酶分泌；花青素與鐵助氣色。
plum_yellow	核果	黃肉李	Yellow Flesh Plum	宜蘭李	果肉金黃，完熟後蜜甜多汁			[0,0,0,2,7,10,5,0,0,0,0,0]	[5,6]	[6]	13	5	38	50	0	8	6	2	Yes	No	#FFD700	國產	宜蘭	完熟時口感極軟爛，像果醬	陰虛發熱、口渴	胃酸過多、痰濕體質	無特殊高風險	果皮黃中帶紅	果形微尖	完熟時極軟	蜜香味重，檢查有無裂果	室溫放軟後冷藏	又稱「宜蘭李」，完全成熟時甜度驚人。	富含類胡蘿蔔素、維生素A及糖分，完熟時質地軟。	料理加工,螞蟻人	幫助消化/解膩,順暢排便	酸甜口感刺激味蕾。
plum_dino_egg	核果	恐龍蛋	Pluot	杏李	李子與杏的混種，花斑外皮口感極甜			[0,0,0,0,0,2,6,9,8,4,0,0]	[7,8,9]	[8]	15	3	40	52	0	7	6	4	Yes	No	#A0522D	進口	美國加州	肉質細緻，口感Q彈，甜度高	津液不足、便秘	糖尿病、胃酸過多	無特殊高風險	果皮有斑點像蛋	果粉厚（越多越好）	肉質細緻，手感結實	甜度極高，無特殊香氣	冷藏保存	學名是「杏李」，兼具杏的香氣與李子的甜味。	杏李混種，糖度極高，富含維生素A、C及鉀。	螞蟻人,懶人免動刀	順暢排便,幫助消化/解膩	維生素A護眼；纖維助排便。
plum_watermelon	核果	西瓜李	Watermelon Plum	櫻桃李	綠皮紅肉，咬開像小西瓜一樣驚喜			[0,0,0,0,1,6,9,5,0,0,0,0]	[6,7]	[7]	14	4	38	46	0	8	5	3	Yes	No	#DC143C	國產	台中梨山	口感脆酸，肉質紮實，皮薄	食積不化、口乾	脾胃虛寒	無特殊高風險	果皮青綠（熟了也是綠）	果形圓潤	口感脆酸，手感硬	有特殊李子香，檢查有無變軟	冷藏保存	外表不起眼，切開卻是鮮豔的紅色，反差萌代表。	果肉鮮紅，含有花青素、維生素C及有機酸。	稀有嘗鮮,酸甜開胃	幫助消化/解膩,美白抗氧化	酸度較高，解油膩助消化。
plum_grafted	核果	桃接李	Grafted Plum	李子	透過嫁接技術，口感更脆甜			[0,0,0,4,9,7,1,0,0,0,0,0]	[4,5,6]	[5]	11	6	35	45	0	7	4	2	Yes	No	#800000	國產	苗栗泰安	口感脆硬，酸甜適中，肉質細	消化不良、腹脹	胃酸過多、牙齒敏感	無特殊高風險	果形較小，深紅色	果皮紅潤光滑	口感脆硬，不軟	酸甜適中，檢查有無裂痕	冷藏保存	是把李子接在桃樹上？錯，是把不同品種的李子互相嫁接。	口感脆，含有鈣、磷、鐵及維生素B群。	酸甜開胃,懷舊古早味	幫助消化/解膩,順暢排便	口感脆硬纖維多。
plum_black	核果	加州黑李	Black Plum	黑李,恐龍蛋(誤稱)	皮黑肉黃，口感脆硬，耐儲存			[2,1,0,0,0,3,7,9,8,4,1,1]	[7,8,9]	[8]	13	4	38	55	0	7	5	2	Yes	No	#2F4F4F	進口	美國加州	口感硬脆，肉質紮實，耐放	便秘、肝熱	脾虛泄瀉	無特殊高風險	果皮黑亮，無果粉	果形圓整	質地硬脆，耐放	酸度較低，無特殊香氣	冷藏保存	是市面上最常見的進口李子品種，非常耐放。	果皮含花青素，果肉含維生素A，耐儲存。	耐放存糧,家庭分享	順暢排便,幫助消化/解膩,抗發炎/免疫調節	深紫色果皮含花青素；纖維助排便。
cherry_bing	核果	紅櫻桃	Bing Cherry	櫻桃,車厘子	補鐵聖品，色澤紅潤，口感紮實		TRUE	[8,5,1,0,0,4,9,8,4,1,2,6]	[6,7,12,1]	[7,1]	18	3	22	63	1	7	6	4	Yes	No	#8B0000	進口	美國華盛頓	肉質硬脆，有彈性，多汁	手腳冰冷、貧血、關節風濕	燥熱體質、喉嚨痛、便秘	無特殊高風險	果色深紫紅（越深越甜）	果梗翠綠（非褐色）	硬度高有彈性，不軟爛	無異味，檢查蒂頭有無凹陷發霉	極易腐壞，不洗冷藏	櫻桃含有褪黑激素，有助於改善睡眠品質。	富含鐵質、花青素及褪黑激素，有助補血與睡眠。	美顏補氣,體面送禮,特殊護理	補氣血/暖身,泌尿與痛風護理,舒壓助眠	含褪黑激素助眠；花青素助排尿酸；鐵質補血。
cherry_rainier	核果	白櫻桃	Rainier Cherry	白櫻	嬌貴的白雪公主，甜度更高更細緻	TRUE		[2,1,0,0,0,5,10,7,1,0,0,1]	[6,7]	[7]	20	2	25	65	1	7	5	5	Yes	No	#FFDAB9	進口	美國華盛頓	口感細軟，皮薄多汁，肉質細	氣血虛弱、疲勞	糖尿病、上火	無特殊高風險	果皮金黃帶粉紅	表面有光澤，無褐斑	口感細軟，易碰傷	甜如蜂蜜，檢查盒底有無壓傷	極易碰傷，原盒冷藏	甜度比紅櫻桃高，但因為容易碰傷，價格通常貴一倍。	甜度高，含有維生素C、A及鉀，花青素較紅櫻桃少。	體面送禮,螞蟻人	泌尿與痛風護理,舒壓助眠,美白抗氧化	含褪黑激素；高糖分補充體力。
apricot	核果	杏桃	Apricot	杏子	帶有獨特麝香味，富含維生素A		TRUE	[0,0,0,0,2,6,9,5,0,0,0,0]	[6,7,8]	[7]	12	4	35	48	1	6	7	4	Yes	No	#FFA500	進口	土耳其	肉質軟綿，纖維少，口感像水蜜桃	肺虛咳喘、津傷口渴	產婦、濕熱體質、小兒	無特殊高風險	果皮金黃有絨毛	縫合線深	手感微軟	麝香味濃，檢查有無撞傷	室溫放軟後冷藏	杏仁其實就是杏桃的種子核仁。	富含β-胡蘿蔔素（維生素A原）、維生素E及鉀。	美顏補氣,稀有嘗鮮	潤喉養肺,順暢排便,護眼明目	極豐富的維生素A與β-胡蘿蔔素，滋潤眼睛與皮膚。
plum_green	核果	梅子	Green Plum	青梅	望梅止渴，鹼性食物之王（加工後）		TRUE	[0,0,8,10,4,0,0,0,0,0,0,0]	[3,4]	[4]	4	10	25	35	0	5	5	1	No	No	#32CD32	國產	南投信義	肉質硬脆，極酸，需加工	久咳失音、久瀉、蛔蟲腹痛	感冒初期（表邪未解）、胃酸過多	無特殊高風險	果皮青綠有絨毛	果實硬實，無斑點	極酸澀，不可生食	清香撲鼻，主要檢查有無蟲蛀	不可生食，需醃漬	生吃梅子會中毒（含氰酸），一定要加工後才能吃。	有機酸（檸檬酸、蘋果酸）含量極高，鹼性食品，需加工食用。	料理加工,懷舊古早味	幫助消化/解膩,解酒/宿醉,止瀉/收斂	酸收作用止瀉；有機酸殺菌並助消化（需加工）。
loquat	核果	枇杷	Loquat	琵琶果,蘆橘	春季限定的黃金果實，潤肺止咳第一名	TRUE		[0,3,9,10,3,0,0,0,0,0,0,0]	[2,3,4]	[3,4]	12	3	45	47	-1	8	5	5	No	No	#FFD700	國產	台中太平	肉質軟嫩多汁，纖維細緻，入口即化	咳嗽痰多、喉嚨乾癢	脾虛泄瀉、糖尿病	無特殊高風險	果皮金黃有絨毛（絨毛完整代表新鮮）	果形圓潤，蒂頭無皺縮	手感柔軟，不可按壓	清香淡雅，無發酵味	極嬌貴，常溫保存，兩天內吃完	枇杷的種子含有微量氰苷，千萬不能咬碎吞食。	富含維生素A、β-胡蘿蔔素及苦杏仁苷（止咳）。	特殊護理,軟糯好咬,體面送禮,季節限定	潤喉養肺,止瀉/收斂	傳統潤肺食材；含有苦杏仁苷輔助鎮咳。
lychee_yuherpao	荔枝	玉荷包荔枝	Yuherpao Lychee	荔枝,妃子笑	皮紅帶綠，肉厚籽小，爆漿口感	TRUE		[0,0,0,1,8,10,2,0,0,0,0,0]	[5,6]	[6]	18	3	70	65	2	9	8	4	No	No	#FFB6C1	國產	高雄大樹	肉厚籽小，口感Q彈多汁，爆漿	脾虛泄瀉、呃逆、五更瀉	陰虛火旺、口臭、糖尿病、空腹	**荔枝病**：空腹勿食。	果皮刺手（凸起明顯）	顏色紅中帶綠（綠多紅少）	手感飽滿，輕捏有彈性	清香酸甜，檢查蒂頭有無蟲粉	噴水報紙包好冷藏	皮帶綠色不是沒熟，是玉荷包的特色，這時候最好吃。	維生素C含量極高，富含鉀與葡萄糖。	體面送禮,螞蟻人,軟糯好咬	補氣血/暖身,美白抗氧化,舒壓助眠	高糖分補給能量；維生素C與鐵改善氣色。
lychee_blackleaf	荔枝	黑葉荔枝	Black Leaf Lychee	荔枝,烏葉	香氣濃郁，傳統荔枝味，甜度高		TRUE	[0,0,0,0,2,9,10,2,0,0,0,0]	[6,7]	[6,7]	17	4	70	60	2	8	7	2	No	No	#8B0000	國產	台中霧峰	肉質Q彈，纖維稍多，香氣濃	寒性胃痛、失眠健忘	長痘痘、喉嚨痛、便秘	**荔枝病**：空腹勿食。	果皮平滑圓潤（不刺手）	顏色暗紅	果肉Q彈，手感結實	荔枝香氣濃，無酒味	噴水報紙包好冷藏	是台灣產量最大的荔枝品種，香氣最經典。	香氣濃，含有維生素C、B群及多種氨基酸。	懷舊古早味,家庭分享	補氣血/暖身,舒壓助眠	中醫認為荔枝補益心脾，適合氣血虛弱型失眠。
lychee_nomi	荔枝	糯米荔枝	No-mi Lychee	糯米糍	肉質軟糯Q彈，帶有特殊糯米香			[0,0,0,0,0,3,10,5,0,0,0,0]	[6,7]	[7]	19	2	72	68	2	8	7	4	No	No	#DC143C	國產	南投草屯	肉質軟糯Q彈，像麻糬，口感特殊	心悸、貧血、畏寒	熱性體質、牙齦腫痛	**荔枝病**：空腹勿食。	果皮鮮紅偏紫	表面棘刺微刺	口感軟糯，核小	特殊米香，檢查表皮有無裂果	噴水報紙包好冷藏	因為果肉口感像糯米滋粑一樣Q彈而得名。	口感Q，富含維生素C、糖分及鉀。	老饕最愛	補氣血/暖身,舒壓助眠	能量密度高，補氣血。
lychee_gooseegg	荔枝	鵝蛋荔枝	Goose Egg Lychee	巨無霸荔枝	巨大如鵝蛋，果肉厚實，視覺震撼			[0,0,0,0,1,6,10,3,0,0,0,0]	[6,7]	[7]	16	3	68	63	2	9	6	4	No	No	#FF6347	國產	屏東	肉厚汁多，口感紮實，纖維較粗	身體虛弱、手腳冰冷	燥熱體質、糖尿病	無特殊高風險	體型巨大，像雞蛋	果皮紅艷，龜裂片大	肉厚汁多，手感重	甜度適中，檢查蒂頭有無出水	噴水報紙包好冷藏	雖然很大顆，但種子通常也比較大。	果實大，含有碳水化合物、蛋白質及維生素C。	稀有嘗鮮,體面送禮	補氣血/暖身,舒壓助眠	屬性溫熱，有助促進血液循環。
pear_honey	梨	蜜梨	Honey Pear	福壽梨	生長在高海拔的珍品，果肉細緻如蜜			[0,0,0,0,0,0,2,6,10,8,2,0]	[7,8,9,10]	[9]	12	2	32	42	-1	8	4	3	Yes	Yes	#F5F5DC	國產	台中梨山	肉質細緻，入口即化，汁多	熱咳、痰黃黏稠、口乾舌燥	寒咳（白痰）、生理期、腹瀉	無特殊高風險	果皮綠褐色	果點細小密集	手感沉重	帶有蜂蜜香氣，檢查果皮有無擦傷	冷藏保存	只有在梨山等高海拔地區才能種出品質好的蜜梨。	果肉細緻，含有果糖、鉀及維生素B群。	潤喉護嗓,老饕最愛	潤喉養肺,解酒/宿醉,補水/消水腫	性質甘涼，能潤肺生津，緩解燥熱。
pear_top_grafted	梨	高接梨	Top-grafted Pear	寄接梨	台灣農業奇蹟，平地也能吃到的溫帶梨		TRUE	[0,0,0,0,1,5,10,8,4,1,0,0]	[5,6,7,8]	[6,7]	11	3	32	38	-1	9	3	2	Yes	Yes	#F0E68C	國產	苗栗卓蘭	口感脆甜，水分多，肉質細	發燒口渴、小便黃赤、咽喉痛	脾胃虛寒、產後、拉肚子	無特殊高風險	果皮黃褐色，色澤均勻	果形圓整，蒂頭新鮮	果肉硬實，按壓不軟	無酒精味（過熟），檢查有無壓傷	冷藏保存	把溫帶梨的花苞嫁接在熱帶梨樹上，是台灣首創技術。	水分含量高，富含鉀離子，有助於維持電解質平衡。	生津解渴,家庭分享	潤喉養肺,解酒/宿醉	水分極多可沖淡口腔異味；加速酒精代謝。
pear_shinko	梨	新興梨	Shinko Pear	青梨	果實碩大，口感清脆，耐儲存			[0,0,0,0,0,0,2,8,9,6,2,0]	[7,8,9,10]	[8,9]	11	3	32	40	-1	9	3	2	Yes	Yes	#DEB887	國產	苗栗三灣	口感清脆，肉質較硬，耐儲存	肺熱咳嗽、酒醉	寒性體質、夜尿頻繁	無特殊高風險	果皮青褐色	表皮較粗糙	質地較硬，重量感足	聞起來無異味	冷藏可放很久	因為皮厚耐磨，是市面上最常見的梨子品種之一。	耐儲存，含有膳食纖維、石細胞（助消化）及鉀。	耐放存糧,家庭分享	潤喉養肺,補水/消水腫	潤燥效果佳，適合秋季保養呼吸道。
pear_hosui	梨	豐水梨	Hosui Pear	水梨	肉質細緻，入口即化，甜度高			[0,0,0,0,0,2,8,9,5,1,0,0]	[6,7,8,9]	[7]	12	3	34	36	-1	9	4	3	Yes	Yes	#DAA520	國產	台中東勢	肉質極細，入口即化，水分爆多	津液不足、聲音沙啞	手腳冰冷、生理期	無特殊高風險	果皮黃褐色有斑點	皮薄，摸起來細緻	按壓微軟（水分極多）	無特殊香氣，重點檢查有無出水	不耐放，需盡快冷藏食用	因為水分多到像水一樣，所以叫豐水梨。	水分極高，含有天門冬胺酸，有助消除疲勞。	生津解渴,軟糯好咬	潤喉養肺,解酒/宿醉	水分爆漿滋潤咽喉；鉀離子助排水。
pear_kosui	梨	幸水梨	Kosui Pear	早生梨	早生品種，帶有淡淡焦糖香			[0,0,0,0,0,4,9,7,2,0,0,0]	[6,7,8]	[6]	12	2	34	38	-1	9	4	3	Yes	Yes	#BDB76B	國產	台中東勢	口感酥脆，肉質細緻，早生種	暑熱煩渴、乾咳	脾胃虛寒、腹瀉	無特殊高風險	果皮褐色帶綠	體型較小，扁圓	口感酥脆，手感硬	有特殊焦糖香	冷藏保存	是產季最早的梨子，看到它就知道梨子季開始了。	碳水化合物與水分為主，含有少量維生素C與鉀。	稀有嘗鮮,生津解渴	潤喉養肺,解酒/宿醉	清脆口感與糖分能提神醒腦。
pear_snow	梨	雪梨	Snow Pear	大雪梨	梨中之王，巨大多汁，燉湯首選			[9,6,2,0,0,0,0,0,0,0,2,7]	[11,12,1,2]	[12,1]	12	2	35	42	-2	8	3	4	Yes	Yes	#FFFFF0	國產	台中梨山	肉質雪白細緻，水分多，口感脆	肺燥乾咳、便秘、發燒	寒咳、脾虛便溏	無特殊高風險	體型巨大圓潤	果皮黃白，表面粗糙	手感極重（密度高）	聞蒂頭處清甜，無發酵味	冷藏可保存極久	因為果肉雪白且產於雪季（冬天）而得名。	果實巨大，水分與鉀含量豐富，含有水溶性纖維。	拜拜祈福,潤喉護嗓,家庭分享	潤喉養肺,解酒/宿醉,補水/消水腫	燉煮後潤肺效果更佳；纖維助排便。
pear_baodao	梨	寶島甘露梨	Baodao Ganlu Pear	甘露梨	台灣本土育成的巨無霸，有甘蔗香	TRUE		[1,0,0,0,0,0,0,1,4,9,8,4]	[8,9,10,11]	[10]	13	1	36	40	0	10	5	4	Yes	Yes	#F5F5DC	國產	苗栗卓蘭	肉質極細，無渣，水分極多，口感脆	口乾舌燥、咽痛音啞	體質虛寒、頻尿	無特殊高風險	果形巨大扁圓	果梗粗壯	果身硬實，手感沉	帶有甘蔗甜香	冷藏保存	切開後不泡鹽水也不會變黑，是台灣之光。	果心小肉多，富含水分、膳食纖維及天然果糖。	體面送禮,生津解渴,家庭分享	潤喉養肺,解酒/宿醉	巨大水分與清甜口感，有效清潔口腔與潤喉。
pear_rough	梨	粗梨	Rough Pear	橫山梨	古早味橫山梨，口感粗硬但有野味			[0,0,0,0,0,0,0,0,2,6,8,4]	[9,10,11]	[10]	10	4	30	35	-1	6	2	1	Yes	Yes	#A0522D	國產	嘉義	肉質粗硬，石細胞多，口感像吃沙	熱咳痰喘（燉服）、反胃	生食（口感差且寒）	無特殊高風險	果皮深褐色粗糙	果點大且明顯	質地粗硬，如石頭	酸澀味較重（自然味）	室溫保存	現在多用來當作高接梨的「砧木」，鮮食較少。	石細胞豐富，纖維粗，有助於腸道蠕動，含有維生素B群。	懷舊古早味,潤喉護嗓,料理加工	潤喉養肺	古法常用粗梨燉冰糖來化痰止咳。
pear_western	梨	西洋梨	Bartlett Pear	酪梨型梨	口感像奶油般滑順，吃軟不吃硬			[5,4,3,2,1,0,0,0,2,6,9,7]	[9,10,11,12,1,2]	[11,12]	13	1	38	58	0	8	6	3	Yes	Yes	#9ACD32	進口	美國/阿根廷	熟軟後口感像奶油，入口即化，綿密	便秘、咽喉乾痛	脾虛泄瀉、糖尿病	無特殊高風險	果皮黃綠色（葫蘆狀）	蒂頭周圍變軟（代表熟）	按壓果肉微軟（可食）	熟成後有濃香，若硬則無味	必須室溫催熟（後熟），變軟才能吃	剛買回來是硬的，千萬別吃，會澀到懷疑人生。	富含果膠（水溶性纖維），熟成後質地軟爛易消化。	順暢排空,軟糯好咬	順暢排便,潤喉養肺	山梨糖醇與果膠含量高，通便效果顯著。
pear_red_anjou	梨	紅安琪西洋梨	Red Anjou Pear	紅皮西洋梨	紅色外皮喜氣，口感綿密多汁			[5,4,3,2,1,0,0,0,2,6,9,7]	[9,10,11,12,1,2]	[11,12]	13	2	38	59	0	8	6	3	Yes	Yes	#A52A2A	進口	美國	熟軟後口感綿密，多汁，肉質細	陰虛火旺、口渴	體寒、腹瀉	無特殊高風險	果皮紫紅色	果形短胖，像不倒翁	蒂頭輕壓微軟	香氣濃郁，檢查有無軟爛	室溫催熟後冷藏	即使熟了皮還是紅色的，不會變黃。	紅色果皮含有花青素，富含膳食纖維與維生素C。	稀有嘗鮮,軟糯好咬	順暢排便,潤喉養肺	紅色果皮含抗氧化物，纖維助消化。
pear_conference	梨	啤梨	Conference Pear	長梨	外型修長像葫蘆，甜度極高			[5,4,3,2,1,0,0,0,2,6,9,7]	[9,10,11,12,1,2]	[11,12]	14	1	38	57	0	7	5	3	Yes	Yes	#6B8E23	進口	比利時	熟軟後甜度高，口感軟糯，肉質細	熱病津傷、煩渴	慢性腸炎、糖尿病	無特殊高風險	果皮綠帶褐色斑（像生鏽）	果形細長，蒂頭長	按壓果身變軟	甜味濃縮，無酒精味	室溫催熟後冷藏	雖然外表像生鏽很醜，但甜度是西洋梨中最高的。	甜度高，含有鉀、銅及維生素K，質地細緻。	懶人免動刀,螞蟻人	順暢排便,軟便	質地軟糯易消化，適合老人小孩。
fig	無花果	無花果	Fig	映日果	生命之果，口感軟糯香甜，整顆可吃		TRUE	[2,1,1,2,4,7,10,9,7,5,3,2]	[6,7,8,9,10]	[7,8]	16	1	50	74	0	6	5	4	Yes	Swallow	#8B008B	國產	雲林/彰化	口感軟糯，帶有顆粒感（種子），香甜	咽喉腫痛、便秘、食慾不振	腹瀉、脂肪肝	無特殊高風險	果皮紫紅微軟	開口微裂（代表熟）	按壓柔軟，不可流湯	蜜糖香氣，檢查有無發霉	極易爛，冷藏並快吃	無花果其實有花，只是花開在果實裡面，我們吃的是它的花蕊。	全果可食，富含膳食纖維、果膠、鈣及抗氧化物質。	順暢排空,美顏補氣,懶人免動刀	順暢排便,潤喉養肺,幫助消化/解膩	泛酸與纖維助消化通便；傳統用於清咽利喉。
tomato_beef	番茄	牛番茄	Beef Tomato	大番茄,黑柿	生吃煮湯皆宜，茄紅素滿滿的健康紅球		TRUE	[9,8,8,7,6,5,4,4,5,6,8,9]	[1,2,3,4,5,6,7,8,9,10,11,12]	[12,1,2]	6	6	25	19	-1	8	2	2	Yes	Swallow	#DC143C	國產	南投信義	肉厚汁多，口感紮實，煮熟後軟爛	攝護腺保養、減重	痛風（含鉀）、胃寒	無特殊高風險	果形碩大紅潤，底部有星點	蒂頭鮮綠	手感沉重硬實	番茄特有草腥味	常溫後熟，變紅再冷藏	牛番茄煮熟吃，茄紅素吸收率比生吃高3倍。	茄紅素含量極高，低糖低卡，富含鉀與纖維。	料理加工,低卡減負,家庭分享	美白抗氧化,血壓調節,順暢排便	熟食茄紅素抗氧化最強；高鉀助降壓。
starfruit_soft	楊桃	楊桃	Starfruit	陽桃	星星狀的水果，生津止渴，保護喉嚨		TRUE	[8,7,6,5,4,4,5,7,9,10,10,9]	[9,10,11,12,1,2,3]	[10,11]	10	4	35	30	-1	9	5	2	Yes	Swallow	#FFD700	國產	台南楠西	口感清脆，汁多，肉質細緻	風熱咳嗽、咽喉腫痛、口腔潰瘍	腎臟病（絕對禁忌）、胃寒	**腎毒性 (粗體)**：神經毒素，腎病患者絕對禁食。	果皮黃中帶綠	果棱邊緣無褐化	手感結實，皮薄	清香無澀味，檢查棱邊有無壓傷	冷藏保存	楊桃含有神經毒素Caramboxin，正常人可代謝，腎友無法排出會中毒。	水分高，含有維生素C、有機酸，鉀含量適中（腎病忌食）。	潤喉護嗓,生津解渴	潤喉養肺,解酒/宿醉,血壓調節	切片沾鹽吃可消炎退火，保護聲帶。
starfruit_sour	楊桃	酸楊桃	Sour Starfruit	土楊桃	酸度極高，專門用來醃漬或做湯			[6,6,6,6,6,6,6,6,6,6,6,6]	[1,2,3,4,5,6,7,8,9,10,11,12]	[7,8]	6	9	25	25	-1	9	4	1	Yes	Swallow	#ADFF2F	國產	屏東	口感硬脆，酸度高，纖維多	喉嚨沙啞、解酒	腎臟病、胃潰瘍	**腎毒性 (粗體)**：絕對禁食。	果形較小，棱深	顏色偏青，果皮粗	質地硬脆	極酸，聞起來有酸味	醃漬或煮食	台菜「楊桃湯」或「鳳梨楊桃冰」通常是用這種酸楊桃醃製的。	有機酸含量極高，含有維生素C，通常醃漬食用。	料理加工	潤喉養肺,解酒/宿醉	醃漬後沖泡熱水，解酒潤喉。
grape_kyoho	葡萄	巨峰葡萄	Kyoho Grape	葡萄,黑葡萄	果肉Q彈多汁，帶有濃郁酒香		TRUE	[9,8,4,3,5,9,10,9,6,5,7,9]	[1,2,3,5,6,7,8,9,11,12]	[7,1]	18	4	50	60	0	8	8	2	Bitter	Swallow	#4B0082	國產	彰化大村	果肉軟彈，汁多，皮肉易分離	氣血虛弱、筋骨痠痛、疲勞	糖尿病、便秘（籽）、肥胖	無特殊高風險	果粉濃厚均勻（白白的）	果粒硬實飽滿，無脫落	果梗翠綠（非褐色）	整串拿起來無掉果，聞起來有果香	報紙包好冷藏，吃之前才洗	果粉不是農藥，是葡萄的天然保護層（果蠟）。	富含維生素B1、花青素及白藜蘆醇（果皮），鉀含量高。	美顏補氣,懶人免動刀,家庭分享	補氣血/暖身,護眼明目,抗發炎/免疫調節	葡萄糖吸收快；中醫視為補氣血食材。
grape_honey_red	葡萄	蜜紅葡萄	Honey Red Grape	紅葡萄	帶有蜂蜜香氣的紅葡萄，皮薄多汁	TRUE		[3,2,0,0,0,1,5,9,8,4,2,2]	[6,7,8,9]	[7,8]	17	2	55	62	1	8	6	3	Yes	Swallow	#DC143C	國產	彰化埔心	果肉柔軟多汁，皮薄，口感細	貧血、手腳冰冷	糖尿病、內熱者	無特殊高風險	果色粉紅透亮	果皮極薄，蒂頭綠	果粒柔軟（品種特性）	有獨特蜂蜜味，檢查盒底有無出水	極易落果，需小心冷藏	因為皮薄汁多不易運輸，市面上較少見。	皮薄多汁，含有葡萄糖、維生素C及多酚類化合物。	稀有嘗鮮,酸甜開胃	補氣血/暖身,舒壓助眠	含有鐵質與維生素，輔助造血功能。
grape_italia	葡萄	義大利葡萄	Italia Grape	綠葡萄	帶有麝香味的綠葡萄，清爽高雅			[0,0,0,0,0,0,1,4,8,8,4,1]	[7,8,9,10]	[9]	16	3	52	61	0	8	7	3	Yes	Swallow	#90EE90	國產	台中新社	口感脆爽，肉質紮實，帶有麝香	消化不良、水腫	胃酸過多、糖尿病	無特殊高風險	果皮黃綠色	果粒橢圓，大小一致	口感脆爽，按壓有彈性	淡淡麝香味，檢查有無褐變	冷藏保存	是早期的白葡萄代表，也是釀酒的好材料。	含有麝香氣味成分，維生素C與鉀含量適中。	酸甜開胃,懶人免動刀	抗發炎/免疫調節,舒壓助眠	鉀離子含量適中，幫助排除多餘水分。
grape_black_queen	葡萄	黑后葡萄	Black Queen Grape	釀酒葡萄	酸度高單寧重，釀酒靈魂			[2,1,0,0,0,1,6,9,8,5,2,1]	[6,7,8,9]	[7,8]	14	8	45	58	-1	9	6	2	Bitter	Swallow	#000000	國產	彰化二林	皮厚澀味重，肉質軟，多汁	食慾不振、疲勞	胃酸過多、怕酸者	無特殊高風險	果色深紫黑	果粒較小且緊密	皮厚，手感硬實	酸度極高，主要檢查有無發霉	不建議鮮食，主要加工用	台灣著名的「紅酒」多半是用黑后葡萄釀的。	酸度與單寧含量高，富含原花青素，抗氧化力強。	料理加工	補氣血/暖身,護眼明目,血壓調節	高酸度與單寧能刺激食慾（加工後）。
grape_golden_muscat	葡萄	金香葡萄	Golden Muscat Grape	釀酒葡萄	台灣白酒的原料，帶有熱帶果香			[2,1,0,0,0,1,6,9,8,5,2,1]	[6,7,8,9]	[7,8]	18	6	50	60	0	8	7	2	Yes	Swallow	#DAA520	國產	彰化二林	皮薄多汁，肉質軟，易破	疲勞、水腫	糖尿病、胃酸過多	無特殊高風險	果皮金黃透明	果粒圓潤，皮薄	皮薄多汁，易破	香氣濃烈，檢查有無裂果	不建議鮮食，主要加工用	是台灣釀造白葡萄酒的主要品種。	糖度高，含有酒石酸、蘋果酸及礦物質。	料理加工	舒壓助眠,美白抗氧化	高糖分快速補充能量。
grape_shine_muscat	葡萄	麝香葡萄	Shine Muscat Grape	青提,晴王	連皮吃的夢幻逸品，帶有荔枝玫瑰香	TRUE		[5,3,1,0,0,0,0,1,5,9,10,8]	[9,10,11,12,1]	[10,11]	20	1	60	69	1	7	10	5	Yes	None	#9ACD32	進口	日本岡山	口感脆彈，皮薄無渣，肉質紮實	疲勞、病後虛弱	糖尿病、肥胖	無特殊高風險	果皮翠綠無瑕	無籽，蒂頭鮮綠	口感脆彈，不可過硬	濃郁荔枝花香，檢查底部有無星型記號	冷藏保存	切勿用力按壓	皮薄無籽，富含葡萄糖、維生素B群及礦物質，無澀味。	體面送禮,懶人免動刀,螞蟻人	舒壓助眠,美白抗氧化,順暢排便	香氣療癒，高糖分提供大腦能量。
grape_pione	葡萄	貓眼葡萄	Pione Grape	比歐內	比巨峰更大更黑，口感更紮實			[2,1,0,0,0,0,0,1,5,9,8,4]	[8,9,10,11]	[9,10]	19	3	55	65	0	8	7	5	Yes	None	#191970	進口	日本山梨	果肉紮實，口感軟彈，汁多	氣血不足、心悸	糖尿病、熱性體質	無特殊高風險	果色紫黑發亮	果粒巨大，果粉均勻	無籽，果肉紮實	酒香濃厚，檢查有無脫梗	冷藏保存	在日本被稱為「黑珍珠」，是巨峰的升級版。	果粒大，富含花青素、多酚及膳食纖維。	體面送禮,老饕最愛	補氣血/暖身,護眼明目	深紫色果皮富含花青素與鐵，助氣色紅潤。
grape_nina_queen	葡萄	妮娜皇后葡萄	Nina Queen Grape	紅麝香	紅色麝香葡萄，擁有草莓般的香氣	TRUE		[2,1,0,0,0,0,0,1,5,9,8,4]	[8,9,10,11]	[9,10]	21	1	62	68	1	7	9	5	Yes	None	#FF1493	進口	日本長野	口感硬脆，肉質紮實，皮薄	貧血、疲勞	糖尿病、減重者	無特殊高風險	果色鮮紅艷麗	果粒碩大，果粉薄	手感硬實，有彈性	草莓牛奶香氣，檢查有無裂果	冷藏保存	是目前日本最受矚目的紅色葡萄新品種。	紅色果皮富含花青素與白藜蘆醇，糖度極高。	體面送禮,稀有嘗鮮,螞蟻人	補氣血/暖身,美白抗氧化	紅色花青素與白藜蘆醇具強抗氧化力。
grape_green_seedless	葡萄	綠無籽葡萄	Green Seedless Grape	白葡萄,加州葡萄	皮脆肉甜，口感清爽，沙拉首選			[6,7,8,9,8,6,2,0,0,1,3,5]	[2,3,4,5]	[3,4]	17	2	48	69	-1	9	4	2	Yes	None	#90EE90	進口	美國加州	口感硬脆，皮薄無澀味，肉質細	便秘、眼睛疲勞	糖尿病、腹瀉	無特殊高風險	果色青翠偏黃（黃代表甜）	果梗綠，無枯萎	硬脆有聲，不軟塌	清甜無澀味，檢查袋底有無落果	冷藏保存，吃多少洗多少	表皮偏黃代表甜度越高，全綠反而比較酸。	連皮食用，富含膳食纖維、維生素C及鉀。	懶人免動刀,家庭分享	順暢排便,美白抗氧化	連皮吃攝取大量纖維與水分。
grape_red_seedless	葡萄	紅無籽葡萄	Red Seedless Grape	紅葡萄,加州葡萄	甜度通常比綠葡萄高，帶有花青素			[6,7,8,9,8,6,2,0,0,1,3,5]	[2,3,4,5]	[3,4]	18	2	50	70	0	9	4	2	Yes	None	#DC143C	進口	美國/智利	口感脆硬，皮薄，肉質紮實	貧血、神經衰弱	糖尿病、內熱	無特殊高風險	果色紫紅均勻	果粒結實，大小一致	皮薄無渣，手感硬	無發酵味，檢查蒂頭有無發霉	冷藏保存	上面的白霜是果粉，越多代表越新鮮。	含有花青素與類黃酮，連皮食用可攝取完整多酚。	懶人免動刀,美顏補氣	補氣血/暖身,抗發炎/免疫調節	紅皮含抗氧化物質，保護微血管。
grape_black_seedless	葡萄	黑無籽葡萄	Black Seedless Grape	黑葡萄,加州葡萄	風味最濃郁，皮有微微澀感但營養高			[6,7,8,9,8,6,2,0,0,1,3,5]	[2,3,4,5]	[3,4]	18	2	50	68	0	9	4	2	Yes	None	#000000	進口	美國/澳洲	口感脆硬，皮稍厚，肉質紮實	抗衰老、腎虛腰痛	糖尿病、便秘	無特殊高風險	果色深紫黑	果形長圓，果粉厚	皮脆肉硬	濃郁葡萄味，無酒味	冷藏保存	花青素含量是三種無籽葡萄中最高的。	顏色深，花青素含量最高，富含維生素E與纖維。	懶人免動刀,美顏補氣	補氣血/暖身,護眼明目	深色食物入腎（中醫觀點），花青素護眼。
grape_cotton_candy	葡萄	棉花糖葡萄	Cotton Candy Grape	棉花糖	真的有棉花糖味道！甜到不可思議	TRUE		[3,2,1,0,0,0,0,1,3,6,7,5]	[8,9,10]	[9]	22	1	65	75	1	7	9	4	Yes	None	#F0E68C	進口	美國	口感較軟，多汁，無籽	低血糖、疲勞	糖尿病、減重者	**高糖警示**：甜度極高。	果色綠中帶黃	果粒較軟（品種特性）	無籽，皮薄	濃烈棉花糖香，檢查有無出水	冷藏保存	不是基因改造，是純天然育種出來的奇蹟口感。	糖度極高，主要為葡萄糖與果糖，不含特殊添加物。	懶人免動刀,螞蟻人,稀有嘗鮮	舒壓助眠	甜味能促進多巴胺分泌，緩解壓力。
grape_moon_drops	葡萄	手指葡萄	Moon Drops Grape	月滴葡萄,藍寶石葡萄	外型像手指，口感極脆，甜度高			[3,2,1,0,0,0,0,1,3,6,7,5]	[8,9,10]	[9]	19	2	55	65	0	8	5	4	Yes	None	#191970	進口	美國	口感極脆，皮薄，肉質硬實	視覺疲勞、消化不良	糖尿病	無特殊高風險	果形長條像手指	果色深藍黑，尾端有凹陷	脆度極高，硬實	無特殊香氣，檢查有無斷裂	冷藏保存	長相奇特但意外地非常好吃，甜度通常很高。	果形特殊，口感脆，富含維生素A、C及抗氧化成分。	稀有嘗鮮,懶人免動刀	補氣血/暖身,抗發炎/免疫調節	藍黑色果皮富含護眼花青素。
avocado_hass	酪梨	哈斯酪梨	Hass Avocado	酪梨,牛油果	金氏紀錄最營養，口感如奶油般滑順	TRUE		[5,4,3,2,1,1,2,5,8,10,9,7]	[9,10,11,12]	[10,11]	2	1	15	160	0	3	5	3	No	No	#2F4F4F	進口	墨西哥	口感如奶油般滑順，綿密濃郁	便秘、心血管疾病、糖尿病	肥胖、腹瀉、膽囊切除者	**高脂警示**：熱量高。	成熟時皮變黑	表皮粗糙，凹凸不平	按壓變軟（尤其是蒂頭）	口感綿密，無特殊香氣	室溫變黑軟後冷藏	哈斯酪梨一定要等到皮變黑才能吃，綠的時候是硬的。	富含單元不飽和脂肪酸、維生素E、鉀及葉酸。	低卡減負,軟糯好咬,高熱量補給	順暢排便,血壓調節,美白抗氧化	油脂潤滑腸道；維生素E滋潤肌膚。
avocado_hall	酪梨	厚兒酪梨	Hall Avocado	酪梨,牛油果	台灣常見品種，皮綠也能吃，口感清爽		TRUE	[2,1,0,0,0,1,4,8,10,9,5,2]	[8,9,10]	[9]	2	1	15	85	0	4	4	2	No	No	#228B22	國產	台南大內	含水量較高，口感較清爽，不油膩	皮膚乾燥、便秘	熱量控制者	**高脂警示**。	成熟時皮仍綠	表皮光滑，有光澤	按壓變軟（判斷熟度關鍵）	帶有青草香，檢查蒂頭是否鬆動	室溫變軟後冷藏	這種酪梨成熟後皮不會變色，要靠摸的判斷熟度。	脂肪含量較低，水分較高，含有維生素C與纖維。	料理加工,低卡減負	順暢排便,美白抗氧化	富含單元不飽和脂肪酸與纖維。
avocado_choquette	酪梨	秋可得酪梨	Choquette Avocado	水酪梨	巨無霸酪梨，水分多甜味高			[5,3,1,0,0,0,0,1,4,8,10,8]	[10,11,12,1]	[11]	2	1	15	73	0	5	3	3	No	No	#32CD32	國產	嘉義竹崎	口感水嫩，帶有些許甜味，清爽	口渴、便秘	腹瀉	**高脂警示**。	體型巨大，像小玉西瓜	果皮光滑發亮	搖晃有種子聲（代表熟）	口感水嫩，檢查有無撞傷	室溫變軟後冷藏	因為水分比較多，口感比較像水果，不像哈斯那麼油。	果實巨大，水分多，含有健康的植物性脂肪。	料理加工,家庭分享	順暢排便,美白抗氧化	水分較高，搭配油脂潤腸。
durian_monthong	榴槤	金枕頭榴槤	Monthong Durian	榴槤	氣味溫和，肉厚核小，入門首選		TRUE	[0,0,0,2,6,8,10,9,5,2,0,0]	[5,6,7,8,9]	[7,8]	28	1	65	147	2	3	10	4	No	No	#F0E68C	進口	泰國東部	口感綿密，像奶油，肉厚核小	痛經（寒性）、產後虛寒、陽虛	陰虛火旺、感冒發燒、酒後	**酒精交互作用**：酒後禁食。	刺呈三角形，分佈稀疏	果柄乾燥，無發霉	搖晃有撞擊聲（肉離殼）	香味清淡（太濃代表過熟）	熟裂後取肉冷藏	榴槤是熱性水果，吃完可以吃山竹（寒性）來平衡。	高熱量，富含鉀、葉酸、維生素C及優質脂肪。	高熱量補給,懷舊古早味	補氣血/暖身,順暢排便	屬性熱，促進血液循環，改善虛寒體質。
durian_musangking	榴槤	貓山王榴槤	Musang King Durian	Musang King	色澤金黃，口感苦甜回甘，頂級享受			[1,1,0,0,1,5,9,10,6,2,0,1]	[7,8]	[8]	30	2	65	155	2	3	10	5	No	No	#FFD700	進口	馬來西亞彭亨	口感極度綿密，黏喉，層次豐富	體質極寒、腰膝痠軟	熱性體質、高血壓、喉嚨痛	**酒精交互作用**：酒後禁食。	底部有星形紋路（五星）	果形較小，刺細長	口感綿密，冷凍品	酒香濃郁，檢查有無解凍出水	冷凍保存風味佳	貓山王通常是整顆冷凍進口，解凍後口感像冰淇淋。	口感濃郁，富含礦物質、維生素B群及脂肪。	體面送禮,懷舊古早味,螞蟻人	補氣血/暖身,順暢排便,舒壓助眠	高熱量與脂肪，提供強大熱能與體力。
durian_blackthorn	榴槤	黑刺榴槤	Black Thorn Durian	Black Thorn	榴槤界的愛馬仕，口感層次豐富	TRUE		[1,1,0,0,1,5,9,10,6,2,0,1]	[7,8]	[8]	32	2	68	160	2	3	10	5	No	No	#B8860B	進口	馬來西亞檳城	口感像鮮奶油，滑順濃郁，肉質細	病後體虛、寒性體質	肥胖、糖尿病、熱性體質	**酒精交互作用**。	底部有黑色刺狀突起	果形圓潤，像南瓜	口感奶油狀	風味極濃，檢查有無裂開	冷凍保存	價格比貓山王還貴，是目前的榴槤之王。	營養密度高，富含鉀、鎂、脂肪及糖分。	體面送禮,懷舊古早味,老饕最愛	補氣血/暖身,順暢排便	營養密度極高，滋補強身。
durian_chanee	榴槤	甲侖榴槤	Chanee Durian	初代榴槤	最古老的品種，榴槤味極重			[0,0,1,5,9,8,2,0,0,0,0,0]	[4,5,6]	[5]	26	2	65	145	2	3	9	3	No	No	#EEE8AA	進口	泰國	肉質纖維較多，口感軟爛，味道濃	虛寒胃痛、畏寒	青春痘、便秘、口乾	**酒精交互作用**。	果形較圓，瓣數明顯	刺大且密	肉質纖維較多	味道狂野，聞起來很臭（香）	熟裂後取肉冷藏	是泰國初代榴槤品種，味道非常傳統且濃烈。	風味濃，含有β-胡蘿蔔素及膳食纖維。	懷舊古早味,老饕最愛	補氣血/暖身,順暢排便	熱性極強，驅寒效果佳。
durian_kanyao	榴槤	干腰榴槤	Kan Yao Durian	長柄榴槤	長柄榴槤，口感細緻，產量稀少			[0,0,0,1,5,9,8,2,0,0,0,0]	[5,6,7]	[6]	29	1	65	150	2	2	10	5	No	No	#DAA520	進口	泰國暖武里	肉質細緻，口感黏稠，甜度高	腎陽虛、身體瘦弱	濕熱蘊結、感冒	**酒精交互作用**。	果柄極長（長柄）	果形圓潤	口感綿密，黏喉	甜味高雅，無苦味	熟裂後取肉冷藏	以前是泰國皇室御用的榴槤品種。	口感細緻，富含碳水化合物與鉀。	懷舊古早味,老饕最愛	補氣血/暖身,順暢排便	溫補腎陽。
jujube_milk	蜜棗	牛奶蜜棗	Milk Jujube	棗子,青棗,台灣蘋果	皮薄肉細，口感像水梨，年節首選		TRUE	[10,10,8,2,0,0,0,0,0,0,1,8]	[12,1,2,3]	[12,1]	15	2	60	43	1	7	3	2	Yes	No	#98FB98	國產	高雄燕巢	口感像水梨般脆甜，肉質細緻	煩熱口渴、便秘、失眠	腹脹、胃寒、腹瀉	無特殊高風險	果色淡綠有光澤（像青蘋果）	蒂頭平整，無皺褶	皮滑肉細，手感重	清甜多汁，檢查表皮有無褐斑	塑膠袋密封冷藏	台灣蜜棗是印度棗改良的，全世界只有台灣把它種得這麼好吃。	維生素C含量高（蘋果的20倍），富含鉀與膳食纖維。	體面送禮,家庭分享,順暢排空	順暢排便,舒壓助眠,補氣血/暖身	膳食纖維極高；維C抗壓；含鉀助降壓。
jujube_snow	蜜棗	雪麗蜜棗	Snow Jujube	13號蜜棗	酸甜適中，皮薄多汁，代號13號			[9,10,7,1,0,0,0,0,0,0,0,6]	[12,1,2]	[1]	16	2	60	45	1	7	3	3	Yes	No	#90EE90	國產	高雄大社	肉質細緻，皮薄汁多，口感清脆	情緒焦躁、便秘	脾胃虛寒	無特殊高風險	果形扁圓	果色翠綠	口感細緻，微酸	帶有微酸香氣，檢查果梗是否枯萎	塑膠袋密封冷藏	相較於牛奶蜜棗的死甜，雪麗帶有一點酸度，層次更豐富。	酸甜適中，含有維生素C、B群及礦物質。	體面送禮,順暢排空	順暢排便,舒壓助眠	果肉細緻纖維多。
jujube_honey	蜜棗	珍蜜蜜棗	Honey Jujube	11號蜜棗,爆漿蜜棗	晚熟品種，會爆漿的蜜棗，代號11號	TRUE		[3,8,10,7,2,0,0,0,0,0,0,1]	[2,3,4]	[3]	17	2	62	48	1	8	3	3	Yes	No	#ADFF2F	國產	高雄燕巢	口感爆漿，皮薄汁多，肉質細	口乾、便秘	糖尿病、腹脹	**高糖警示**。	果形橢圓	甜度極高	皮薄汁多，手感軟	有爆漿感，檢查蒂頭有無裂開	塑膠袋密封冷藏	被稱為「爆漿蜜棗」，是產季最晚的品種（可到3-4月）。	水分多，糖度高，含有維生素C與鉀。	螞蟻人,軟糯好咬	順暢排便,美白抗氧化	水分與纖維兼具。
jujube_love	蜜棗	珍愛蜜棗	Love Jujube	12號蜜棗	高雄12號，耐儲運，也是爆漿系			[5,9,10,5,1,0,0,0,0,0,0,2]	[1,2,3]	[2]	16	2	60	44	1	7	3	3	Yes	No	#7FFF00	國產	高雄	肉質紮實，耐儲運，口感脆	貧血、便秘	腹瀉、胃寒	**高糖警示**。	果色翠綠	果形像蘋果	肉白細緻，耐儲運	水分極多，檢查有無凍傷	塑膠袋密封冷藏	是珍蜜的改良版，更耐放，適合出口。	耐儲運，富含維生素C、膳食纖維及果膠。	體面送禮	順暢排便,美白抗氧化	維生素C含量豐富。
jujube_gold	蜜棗	金桃蜜棗	Gold Peach Jujube	金桃	外型像桃子，皮老耐放，口感酥脆			[10,9,6,1,0,0,0,0,0,0,0,8]	[12,1]	[12]	15	2	60	46	1	7	3	2	Yes	No	#9ACD32	國產	屏東高樹	口感酥脆，皮稍厚，有卡滋感	疲勞、便秘	腹脹、消化不良	無特殊高風險	果形尖頭像桃	皮較厚色深（黃綠）	口感酥脆，有卡滋聲	甜度高，檢查尖頭有無撞傷	塑膠袋密封冷藏	因為皮比較厚，吃起來有「卡滋卡滋」的聲音。	口感酥脆，含有維生素C、鉀及鎂。	拜拜祈福	順暢排便,補氣血/暖身	口感酥脆纖維高。
pineapple_golden	鳳梨	金鑽鳳梨	Golden Diamond Pineapple	旺來,台農17號,鳳梨	連心都能吃的甜鳳梨，口感細緻		TRUE	[6,7,9,10,10,9,7,5,4,5,5,6]	[1,2,3,4,5,6,7,8,9,10,11,12]	[4,5]	16	5	65	50	1	8	9	2	No	Yes	#F4C430	國產	台南關廟	肉質細緻，脆甜多汁，纖維軟可食	消化不良（肉食積滯）、暑熱煩渴	胃潰瘍、胃酸過多、空腹	**高糖警示**：甜度高，糖尿病患適量。	果皮金黃帶綠（1/3黃即可）	冠芽新鮮無枯萎，切口無發霉	結實沉重，手指輕彈為「肉聲」（紮實聲）	聞鳳梨底部（屁股），有濃郁果香	通風保存，切開後需冷藏	代號「台農17號」，市佔率高達8成。	富含鳳梨酵素（Bromelain）有助蛋白質分解，維生素C及膳食纖維含量高。	順暢排空,拜拜祈福,家庭分享	幫助消化/解膩,美白抗氧化,抗發炎/免疫調節	鳳梨酵素(Bromelain)分解蛋白質，減輕腸胃負擔；維生素B1助能量代謝。
pineapple_milky	鳳梨	牛奶鳳梨	Milky Pineapple	旺來,台農20號	果肉雪白如牛奶，帶有淡淡花香			[0,0,0,0,1,3,7,10,9,5,1,0]	[6,7,8,9,10]	[8]	15	3	60	55	0	7	6	3	No	Yes	#FFFFF0	國產	嘉義民雄	肉質極細，纖維少，口感綿密	食慾不振、疲勞無力	胃寒者、胃潰瘍	無特殊高風險	果皮深綠色（熟了也是綠的）	冠芽較長，果目大	手感沉重，紮實	聞底部香氣淡雅，不像金鑽濃烈	室溫通風，按壓微軟後冷藏	因果肉白色如牛奶得名，並非用牛奶灌溉。	肉質細緻，酸度較低，富含維生素C、B群及礦物質鉀、錳。	順暢排空,稀有嘗鮮	幫助消化/解膩,順暢排便	酸度較低但酵素活性佳，適合胃口差時食用。
pineapple_native	鳳梨	土鳳梨	Native Pineapple	旺來,開英種,鳳梨酥原料	酸勁十足，濃郁鳳梨味，做酥餅首選			[5,6,8,9,9,8,7,5,4,4,4,5]	[3,4,5,6,7,8]	[4,5]	13	8	50	46	0	6	8	2	No	Yes	#CD853F	國產	南投八卦山	纖維較粗，口感紮實，帶有嚼勁	大餐後解膩、暑熱口渴	牙齒敏感、胃酸過多	**刮舌頭**：蛋白酶強，易刮舌。	果皮橘紅或深褐色	果目（鱗片）突起明顯	體型較小，手感紮實	聞起來有像發酵般的濃烈酒香	通風保存，耐放	其實是日治時期引進的「開英種」，不是台灣原生種。	有機酸（檸檬酸）含量高，鳳梨酵素活性強，纖維粗有助腸道蠕動。	懷舊古早味,料理加工,酸甜開胃	幫助消化/解膩,順暢排便,美白抗氧化	有機酸豐富，強烈酸甜感能刺激唾液與胃液。
pineapple_sweet_honey	鳳梨	甜蜜蜜鳳梨	Sweet Honey Pineapple	旺來,台農16號	甜度極高，幾乎無酸味，纖維極細			[0,2,5,8,9,8,4,1,0,0,0,0]	[3,4,5,6,7]	[5]	17	2	65	52	1	8	6	3	No	Yes	#EEE8AA	國產	台南山上	肉質極細緻，幾乎無纖維，口感像哈密瓜	消化不良、疲勞	糖尿病、易腹瀉者	**高糖警示**：極甜。	果皮帶有光澤的橙黃色	果目較大且平，冠芽細長	按壓果身稍軟	靠近聞香氣濃郁	極不耐放，買回需盡快食用	代號「台農16號」，肉質細到像哈密瓜。	纖維極細，富含天然果糖與葡萄糖，維生素C含量豐富。	順暢排空,螞蟻人	幫助消化/解膩,美白抗氧化	高糖分快速補給大腦與肌肉能量。
pineapple_mango	鳳梨	芒果鳳梨	Mango Pineapple	旺來,台農23號	帶有淡淡芒果香氣的特殊品種	TRUE		[0,0,1,4,8,9,7,2,0,0,0,0]	[4,5,6,7,8]	[5,6]	16	3	62	53	1	7	8	3	No	Yes	#FFD700	國產	高雄大樹	肉質細緻，纖維少，帶有特殊綿密感	食慾不振、消化不良	胃病患者、過敏體質	無特殊高風險	果皮橙黃，果目較大	果形圓筒狀，冠芽新鮮	手感結實沉重	聞底部真的有一股芒果味	通風保存	代號「台農23號」，是比較新的品種。	帶有特殊香氣成分，富含膳食纖維與鳳梨酵素，酸度低。	稀有嘗鮮,順暢排空	幫助消化/解膩,護眼明目	膳食纖維與酵素協同作用，幫助食物消化。
pineapple_watermelon	鳳梨	西瓜鳳梨	Watermelon Pineapple	旺來,巨無霸鳳梨	體型巨大如西瓜，一顆可吃很久			[0,0,0,0,0,2,6,9,8,4,0,0]	[7,8,9,10]	[8]	14	4	60	48	0	9	5	3	No	Yes	#32CD32	國產	屏東	水分極多，肉質較軟，纖維適中	暑熱煩渴、小便不利	胃寒者、夜尿頻繁	無特殊高風險	體型巨大（可達3公斤）	果目青綠，冠芽短	沉重感十足	香氣較淡，主要檢查有無裂果	切開後分裝冷凍或冷藏	因為大到像西瓜而得名，不是西瓜跟鳳梨混種。	水分含量極高，提供鉀離子與維生素C，有助於水分代謝。	拜拜祈福,家庭分享	補水/消水腫,幫助消化/解膩	水分與鉀含量高助代謝，纖維助排便。
pineapple_sugarapple	鳳梨	釋迦鳳梨	Sugar Apple Pineapple	旺來,台農4號,剝皮鳳梨	可以用手剝著吃的鳳梨，免動刀			[0,1,3,7,9,8,4,1,0,0,0,0]	[3,4,5,6,7]	[5]	15	2	62	54	0	7	6	3	No	Yes	#9ACD32	國產	台東	肉質可剝離，纖維少，口感脆甜	便秘、消化不良	糖尿病、胃酸過多	無特殊高風險	果目突起明顯，類似釋迦	冠芽邊緣有刺	按壓果身微軟（可剝皮狀態）	靠近聞有特殊香氣	不耐放，變軟要馬上吃	代號「台農4號」，因果目像釋迦可剝皮而得名。	可剝皮食用，富含膳食纖維、維生素C及鉀，鳳梨酵素適量。	懶人免動刀,順暢排空	幫助消化/解膩,舒壓助眠	可溶性纖維豐富，軟化糞便。
mulberry	漿果	桑椹	Mulberry	桑葚,桑果	補血養顏黑色寶石，酸甜開胃		TRUE	[0,0,0,10,8,2,0,0,0,0,0,0]	[4,5]	[4]	12	7	45	45	-1	8	4	2	Yes	Swallow	#800080	國產	嘉義義竹	口感軟爛多汁，顆粒感明顯	肝腎陰虛、白髮、便秘	脾虛便溏、孕婦（適量）	無特殊高風險	果色紫黑發亮	果粒飽滿，顆粒分明	無出水發霉	酸甜適中，檢查盒底有無紅水	極易爛，冷藏或冷凍	桑椹的紫黑色來自大量的花青素，抗氧化力極強。	富含花青素、鐵質、維生素C及白藜蘆醇。	美顏補氣,懶人免動刀	補氣血/暖身,護眼明目,順暢排便	中醫認為黑入腎，補肝腎養血；籽助排便。
strawberry_fengxiang	漿果	豐香草莓	Fengxiang Strawberry	草莓,士多啤梨	傳統濃郁草莓香，入口即化			[10,9,7,3,0,0,0,0,0,0,2,8]	[11,12,1,2,3]	[12,1]	12	5	40	35	-1	9	9	3	Yes	None	#FF0000	國產	苗栗大湖	口感軟綿，入口即化，肉質細	乾咳無痰、食慾不振、消化不良	尿路結石（草酸）、腸胃虛寒	無特殊高風險	果色紅潤但不深	果形不一，蒂頭葉片翹起	果肉細軟，不可按壓	有濃郁奶香，檢查盒底有無紅水（爛）	極易爛，不洗直接冷藏	早期台灣草莓霸主，因為抗病差逐漸被香水取代。	富含維生素C、葉酸及果膠，質地較軟易消化。	酸甜開胃,料理加工	美白抗氧化,幫助消化/解膩	有機酸與果香能促進消化液分泌。
strawberry_perfume	漿果	香水草莓	Perfume Strawberry	草莓,士多啤梨	市佔率最高，果實硬挺，帶有淡香		TRUE	[10,10,9,6,1,0,0,0,0,0,2,8]	[11,12,1,2,3,4]	[12,1]	11	6	40	36	-1	9	7	2	Yes	None	#FF1493	國產	苗栗大湖	口感較硬脆，有嚼勁，肉質紮實	口乾舌燥、飲酒過後	尿路結石、易腹瀉	無特殊高風險	果形圓錐完美	果肉脆硬，耐放	手感較硬實	香氣較淡，檢查表面有無白黴	冷藏保存，較耐放	口感偏脆，適合擺在蛋糕上，不會馬上出水爛掉。	維生素C含量高，含有鞣花酸（Ellagic acid）與花青素。	烘焙,稀有嘗鮮	美白抗氧化,幫助消化/解膩	維生素C促進膠原蛋白合成，保濕肌膚。
strawberry_lianxiang	漿果	戀香草莓	Lianxiang Strawberry	草莓	氣味最香的品種，甜度高達16度	TRUE		[10,10,8,5,1,0,0,0,0,0,2,8]	[11,12,1,2,3]	[12,1]	14	4	42	38	-1	9	9	4	Yes	None	#DC143C	國產	苗栗大湖	口感細緻，甜度高，軟硬適中	食少腹脹、咽喉腫痛	尿路結石、體寒	無特殊高風險	果形修長	果梗超長，易辨識	口感細緻，手感適中	濃烈花果香，隔著盒子都聞得到	冷藏保存	台灣自行培育的品種，號稱草莓界的香奈兒。	香氣濃郁，甜度高，富含維生素C與膳食纖維。	老饕最愛,酸甜開胃	美白抗氧化,舒壓助眠	濃郁香氣與甜味有助放鬆心情。
strawberry_white	漿果	白草莓	White Strawberry	淡雪,天使草莓	如初雪般的粉嫩，帶有水蜜桃香氣	TRUE		[9,9,7,4,0,0,0,0,0,0,1,6]	[11,12,1,2,3]	[12,1]	13	3	42	36	-1	8	8	5	Yes	None	#FFFAF0	進口	日本奈良	口感綿密，肉質細緻，香氣濃	脾虛食少、口渴	尿路結石、糖尿病	無特殊高風險	果皮白色透粉	種子紅色（代表熟）	口感綿密，勿按壓	水蜜桃香氣，檢查有無撞傷（變褐）	極嬌貴，單層鋪放冷藏	白草莓不是沒熟，是缺乏紅色花青素的品種。	雖無紅色花青素，但仍富含維生素C、鉀及葉酸。	體面送禮,稀有嘗鮮	美白抗氧化,舒壓助眠	雖然顏色白，但維生素C含量依然豐富。
blueberry	漿果	藍莓	Blueberry	藍梅	護眼超級食物，抗氧化之王		TRUE	[8,7,6,5,4,3,2,1,2,4,7,9]	[10,11,12,1,2,3,4,5]	[12,1]	13	4	30	57	-1	8	5	3	Yes	None	#000080	進口	智利/美國	口感脆爽，爆漿感，皮薄	用眼過度、記憶力退化	腹瀉、腎結石（草酸）	無特殊高風險	果粉完整厚實（白霜）	果粒飽滿不扁，深藍色	搖晃盒子無沾黏（代表新鮮）	無出水發霉，無酸臭味	冷藏保存，吃前才洗	上面的白粉越多越營養，千萬不要洗掉太乾淨。	富含花青素、維生素K及錳，抗氧化能力極高。	美顏補氣,懶人免動刀	護眼明目,抗發炎/免疫調節,舒壓助眠	富含花青素，促進視網膜視紫質再生。
raspberry	漿果	覆盆莓	Raspberry	樹莓,野莓	酸甜優雅，富含烯酮可助代謝			[6,5,4,3,2,1,0,0,1,3,6,7]	[10,11,12,1]	[12]	10	7	25	52	0	7	8	4	Yes	None	#DC143C	進口	美國/歐洲	口感柔軟，顆粒感明顯，多汁	頻尿遺尿（固腎）、代謝慢	腎虛火旺、小便短赤	無特殊高風險	果實完整無破損	顏色鮮紅，無白斑	顆粒分明，無出水	香氣濃郁，檢查盒底有無發霉	極易爛，建議當天吃完	覆盆莓非常怕水，一洗就會爛，建議用濕布擦拭即可。	富含烯酮（Ketone）、維生素C及膳食纖維，熱量低。	低卡減負,烘焙,稀有嘗鮮	泌尿與痛風護理,美白抗氧化	烯酮素助代謝；中醫認為覆盆子有固腎縮尿之效。
cranberry	漿果	蔓越莓	Cranberry	小紅莓	預防泌尿道感染，天然抗生素			[6,5,3,1,0,0,0,0,1,4,7,8]	[10,11,12,1]	[11]	8	10	20	46	-1	7	3	3	Yes	None	#8B0000	進口	美國/加拿大	口感硬脆，極酸澀，不適合鮮食	尿道感染、抗發炎	腎結石（草酸）、胃酸過多	無特殊高風險	果實深紅硬實	表面有光澤	彈性佳，像彈珠	無特殊香氣，檢查有無軟爛	通常不生食，煮醬或打汁	新鮮蔓越莓切開裡面有四個氣室，所以丟到水裡會浮起來。	含有原花青素（PACs）與奎寧酸，有助泌尿道保健。	特殊護理,料理加工	泌尿與痛風護理,抗發炎/免疫調節	原花青素(PACs)抑制細菌附著於尿道壁。
golden_berry	漿果	燈籠果	Golden Berry	酸漿果,黃金莓	穿著紙衣的黃金莓果，酸甜獨特			[1,2,4,6,5,3,0,0,0,0,0,1]	[2,3,4,5]	[3,4]	13	7	45	53	-1	8	7	4	Yes	Swallow	#FFA500	國產	嘉義布袋	咬開爆漿，酸甜滋味像百香果加番茄	視力疲勞、免疫力低	胃酸過多、怕酸者	無特殊高風險	外層枯葉（宿存萼）完整乾燥	果實金黃飽滿	果實微軟有彈性	帶有特殊的熱帶果香	冷藏保存，外殼可保持果實新鮮	外面的枯葉不要吃，那是它的保護層，剝開吃裡面的黃球。	富含維生素A、C及多種B群，膳食纖維含量高。	稀有嘗鮮,美顏補氣,酸甜開胃,懶人免動刀	護眼明目,抗發炎/免疫調節	富含維生素A與類胡蘿蔔素護眼。
blackberry	漿果	黑莓	Blackberry	黑莓,露莓	深黑色抗氧化炸彈，酸甜濃郁			[0,0,0,0,2,6,8,5,0,0,0,0]	[5,6,7,8]	[6,7]	10	6	35	43	-1	8	6	4	Yes	Swallow	#000000	進口	美國	口感柔軟多汁，帶有細小顆粒感	眼睛疲勞、老化、便秘	腎結石（草酸）、腹瀉	無特殊高風險	果實烏黑發亮，無紅色顆粒（未熟）	顆粒飽滿不萎縮	質地柔軟，易出水	香氣濃郁，無酸臭味	極易爛，冷藏且不疊放	黑莓的顏色越深，花青素含量越高。	富含花青素、維生素C、K及錳，抗氧化力強。	稀有嘗鮮,美顏補氣,料理加工,低卡減負	護眼明目,抗發炎/免疫調節,順暢排便	花青素護眼抗老；纖維助排便。
black_strawberry	漿果	黑草莓	Black Strawberry	真紅美鈴,黑鑽石草莓,深紅草莓, Kuro Ichigo	色澤如紅酒般深邃，濃郁莓香與高花青素的極致結合	TRUE		[5,8,10,9,5,0,0,0,0,0,2,4]	[12,1,2,3,4]	[1,2,3]	16	3	40	32	-1	8	9	5	Yes	Swallow	#4A0404	進口	日本千葉	果肉紮實細緻，從裡到外皆為深紅色，甜度極高幾乎無酸	食慾不振、乾咳喉痛、需要抗氧化護膚者	腎臟病患者(鉀含量高)、腸胃極度虛寒者	**腎臟病患需注意鉀含量**	色澤需呈現深暗紅色且具光澤，非過熟發黑	蒂頭葉片需鮮綠且微向上捲翹，種籽顆粒感明顯且深陷果肉中。	手感較一般草莓紮實，不可有軟爛出水	聞起來應有極濃郁的複合莓果香氣，優質品甚至帶有淡淡玫瑰花香或酒香，不可有發酵酸味。	極不耐放，建議不洗直接冷藏，吃前才洗，2天內食用完畢	「真紅美鈴」是千葉縣開發品種，因花青素含量極高導致顏色深紅近黑，連果肉都是紅的。	富含高於一般草莓數倍的花青素、維生素C、鞣花酸與膳食纖維，抗氧化能力在漿果中名列前茅。	體面送禮,螞蟻人,稀有嘗鮮	美白抗氧化,護眼明目,幫助消化/解膩	高濃度花青素與維他命C清除自由基並保護微血管，有機酸促進食慾。
waxapple_blackpearl	蓮霧	黑珍珠蓮霧	Black Pearl Wax Apple	蓮霧,璉霧	色澤深紅，口感清脆，甜度適中		TRUE	[10,10,9,7,3,2,2,2,3,6,8,10]	[11,12,1,2,3,4]	[12,1]	11	1	28	34	-1	10	3	2	Yes	None	#8B0000	國產	屏東林邊	口感清脆，無海綿化，汁多	肺燥咳嗽、口乾舌燥、酒醉	頻尿、生理期、胃寒	無特殊高風險	色澤黑透紅（越黑越甜）	臍孔開口大，無分泌物	手感沉重（水分足）	清脆無海綿化，檢查有無裂痕	報紙包好冷藏（勿洗）	其實「黑珍珠」不是品種名，是屏東林邊佳冬一帶的高品質蓮霧統稱。	水分含量高，低熱量，含有維生素C與膳食纖維。	低卡減負,生津解渴,體面送禮	潤喉養肺,補水/消水腫,解酒/宿醉	水分極高沖淡異味；低卡高飽足感。
waxapple_kingkong	蓮霧	黑金剛蓮霧	Black King Kong Wax Apple	蓮霧,黑鑽石	比黑珍珠更大顆，色澤更黑亮	TRUE		[10,10,9,7,2,1,1,1,2,6,9,10]	[11,12,1,2,3]	[1,2]	12	1	28	35	-1	10	3	4	Yes	None	#4A0404	國產	屏東佳冬	肉質紮實，口感極脆，水分多	咽喉腫痛、熱病津傷	手腳冰冷、易腹瀉	無特殊高風險	整顆紅到發黑，發亮	果形碩大，飽滿	肉質紮實，敲擊聲脆	甜度極高，檢查表皮有無指甲印	報紙包好冷藏	是目前市面上等級最高的蓮霧品種之一。	花青素含量較高（深色果皮），富含水分與鉀。	體面送禮,生津解渴	潤喉養肺,補水/消水腫	鉀離子助排水；生津止渴。
waxapple_bullet	蓮霧	子彈蓮霧	Bullet Wax Apple	飛彈蓮霧	外型長條像子彈，口感較脆硬			[9,9,8,6,3,1,1,1,2,5,8,9]	[11,12,1,2,3]	[12,1]	10	2	28	33	-1	9	3	2	Yes	None	#800000	國產	高雄六龜	口感紮實，較硬脆，水分適中	口渴心煩、消化不良	尿頻、脾虛便溏	無特殊高風險	果形長條	顏色深紅，無青斑	口感紮實，手感重	無特殊香氣，檢查頂端有無撞傷	冷藏保存	因為外型像子彈，又像飛彈，所以有不同別名。	口感脆，含有維生素B群、C及礦物質。	家庭分享	潤喉養肺,補水/消水腫	水分與纖維均衡，清熱利濕。
waxapple_palm	蓮霧	巴掌蓮霧	Palm Wax Apple	巨無霸蓮霧	巨大無比，一顆手掌掌握不住			[6,7,8,9,8,6,4,3,3,4,5,6]	[4,5,6,7]	[6]	9	2	28	32	-1	9	2	3	Yes	None	#DC143C	國產	高雄六龜	肉質較鬆，易海綿化，水分多	暑熱煩渴	胃寒、生理期	無特殊高風險	體型巨大（如巴掌）	果色較淡（粉紅）	海綿組織較多，手感輕	甜度較低，主要看大小	冷藏保存	雖然很大顆看起來很爽，但通常甜度不如小顆的黑珍珠。	果實大，水分多，含有膳食纖維與鉀。	拜拜祈福,稀有嘗鮮	潤喉養肺,補水/消水腫	巨大果實提供大量水分。
waxapple_white	蓮霧	白蓮霧	White Wax Apple	新市白蓮霧	復古品種，顏色乳白，帶有特殊酸香			[0,0,0,0,2,7,9,6,2,0,0,0]	[6,7,8]	[7]	8	3	25	30	-1	8	4	3	Yes	None	#F0FFF0	國產	台南新市	口感鬆軟，水分多，帶有澀味	糖尿病（低糖）、口乾	體虛胃寒	無特殊高風險	果皮乳白色，帶綠	體型較小，像鈴鐺	口感鬆軟，手感輕	有特殊澀味，檢查有無褐變	冷藏保存	是台灣早期的原生種，現在市面上已經很少見了。	含有獨特的有機酸香氣，維生素C與水分豐富。	懷舊古早味	潤喉養肺,補水/消水腫	糖分較低，傳統認為有清肺熱之效。
waxapple_missile	蓮霧	飛彈蓮霧	Missile Wax Apple	子彈蓮霧	比子彈蓮霧更深黑，外型修長			[8,9,9,7,4,1,0,0,0,3,6,8]	[12,1,2,3]	[1,2]	11	1	28	34	-1	9	3	3	Yes	None	#8B0000	國產	屏東	肉質細緻，口感脆甜，無渣	熱咳、喉嚨乾癢	頻尿、腹瀉	無特殊高風險	果色紫黑，光澤佳	果形修長，像飛彈	肉質細緻，手感重	甜度高，檢查有無裂果	冷藏保存	是子彈蓮霧的改良品種，顏色更漂亮。	花青素豐富，含有維生素C、鉀及膳食纖維。	家庭分享,體面送禮	潤喉養肺,補水/消水腫	含鉀排水；紫紅皮含花青素。
longan_pinkshell	龍眼	粉殼龍眼	Pink Shell Longan	龍眼,桂圓,福圓	果殼帶粉，甜度高，果肉Q彈		TRUE	[0,0,0,0,0,0,2,8,10,4,0,0]	[8,9]	[9]	21	1	72	73	2	6	7	2	No	No	#DEB887	國產	台南東山	肉質Q彈，離核容易，口感甜脆	心脾兩虛、失眠多夢、產後調補	內有鬱火、感冒發燒、懷孕早期	**上火**：多吃易流鼻血。	果殼黃褐帶粉	果形圓潤，殼薄	按壓不凹陷（代表新鮮）	甜味濃厚，無發酵味	乾燥通風或冷藏	是台灣龍眼的主要品種，適合鮮食也適合烘乾。	富含葡萄糖、蔗糖、維生素C及礦物質鉀。	美顏補氣,特殊護理	舒壓助眠,補氣血/暖身	桂圓是傳統安神補血聖品，溫補心脾。
longan_runti	龍眼	潤提龍眼	Run-ti Longan	大粒龍眼	又稱「大龍眼」，肉厚但甜度較低			[0,0,0,0,0,0,0,5,10,6,0,0]	[8,9]	[9]	19	1	70	70	2	7	6	2	No	No	#D2B48C	國產	台中霧峰	肉質較脆硬，水分稍少，口感爽	氣血不足、神經衰弱	濕熱體質、喉嚨痛	**上火**。	果形較大	果殼較厚，顏色深	肉質脆硬	甜度較淡，檢查果殼有無破裂	乾燥通風或冷藏	雖然大顆，但風味不如粉殼龍眼濃郁。	肉厚，含有碳水化合物、維生素B群及C。	家庭分享	舒壓助眠,補氣血/暖身	肉厚甜度高，補充體力。
apple_fuji	蘋果	富士蘋果	Fuji Apple	Fuji,蘋果	脆甜多汁，酸甜適中，全球最受歡迎		TRUE	[9,8,7,6,4,2,0,0,0,2,6,9]	[10,11,12,1,2]	[11,12]	14	3	36	50	0	8	6	3	Wax	Yes	#FF4500	進口	日本青森	口感硬脆，汁多，肉質細緻	輕微腹瀉（去皮）、便秘（連皮）、煩熱	脾胃虛寒（生食）、糖尿病（過量）	無特殊高風險	整顆紅潤有條紋	底部凹陷深（越深越甜）	重量感足，不可輕飄飄	無油膩感（出油代表過熟）	塑膠袋包好冷藏	富士蘋果的名字來自日本「藤崎（Fujisaki）」町，不是富士山。	富含原花青素、兒茶素及果膠（水溶性纖維），有助腸道健康。	懶人免動刀,拜拜祈福,家庭分享	順暢排便,幫助消化/解膩,舒壓助眠	雙向調節：果膠吸水改善腹瀉，纖維助排便（連皮吃）。
apple_sun_fuji	蘋果	蜜富士蘋果	Sun Fuji Apple	蜜蘋果,結蜜蘋果	切開有蜜芯，甜度更高香氣更濃			[10,9,7,4,1,0,0,0,0,0,4,9]	[11,12,1,2]	[12,1]	15	2	38	54	0	9	7	4	Wax	Yes	#DC143C	進口	日本青森	口感極脆，帶有蜜腺，肉質紮實	疲勞、口乾舌燥	糖尿病、痰濕體質	無特殊高風險	果皮紅潤帶黃點	蒂頭粗壯	手感沉重（蜜芯重）	香氣濃郁，檢查蒂頭有無裂痕	冷藏保存，蜜芯易消失需快吃	蜜芯其實是山梨糖醇累積，並不是壞掉喔！	中心結蜜處含有山梨糖醇，富含多酚類化合物與纖維。	體面送禮,老饕最愛	順暢排便,舒壓助眠	結蜜處的山梨糖醇與果糖提供能量與愉悅感。
apple_red_delicious	蘋果	五爪蘋果	Red Delicious Apple	五爪,飯蘋果	外型深紅完美，口感鬆軟			[8,7,5,3,1,0,0,0,0,3,7,9]	[10,11,12,1]	[11,12]	12	2	35	52	0	5	5	2	Wax	Yes	#8B0000	進口	美國華盛頓	口感鬆軟，肉質呈粉狀（粉蘋果）	腹瀉（收斂作用）、消化不良	便秘（吃肉不吃皮者）	無特殊高風險	深紅近乎紫黑	底部有五個明顯稜角	按壓不可太軟（太軟口感粉）	香氣濃但皮厚，檢查有無壓傷	冷藏保存	雖然外型漂亮，但因為口感鬆軟，現在年輕人較不愛。	果皮深紅富含花青素與槲皮素（Quercetin），抗氧化力強。	拜拜祈福,軟糯好咬	順暢排便,止瀉/收斂	收斂性較強，有助於緩解輕微腹瀉。
apple_granny_smith	蘋果	翠玉青蘋果	Granny Smith Apple	青蘋果,酸蘋果	酸度極高，口感硬脆，適合烘焙			[7,7,7,7,7,7,7,7,7,7,7,7]	[1,2,3,4,5,6,7,8,9,10,11,12]	[10,11]	11	9	30	48	-1	8	4	3	Wax	Yes	#32CD32	進口	美國/南非	口感極硬脆，酸度高，耐煮不爛	津液不足、食慾差	胃酸過多、牙齒敏感	無特殊高風險	果皮翠綠無瑕	蒂頭鮮綠	質地極硬，按壓無凹陷	聞起來有青澀的草酸味	冷藏可放很久	它是做蘋果派的唯一指定品種，煮了不會爛。	糖分較低，酸度高，蘋果酸與鉀含量豐富。	烘焙,低卡減負,酸甜開胃	幫助消化/解膩,順暢排便	高酸度刺激唾液與胃酸分泌。
apple_gala	蘋果	加拉蘋果	Gala Apple	Gala	個頭小，皮薄脆甜，適合小孩當點心			[2,2,2,2,2,2,2,4,8,8,6,3]	[8,9,10]	[9]	13	3	36	52	0	7	6	2	Wax	Yes	#FF6347	進口	紐西蘭	口感脆甜，肉質細緻，皮薄	幼兒消化不良、食慾差	糖尿病（需控量）	無特殊高風險	果皮橙紅帶黃條紋	體型較小，圓潤	手感結實	香氣香甜，檢查果梗是否枯萎	冷藏保存	是紐西蘭培育的品種，皮薄到可以直接吃。	果皮薄，含有維生素C、A及膳食纖維，適合兒童食用。	懶人免動刀,家庭分享	順暢排便,舒壓助眠	水溶性纖維豐富，適合兒童腸胃調節。
apple_envy	蘋果	愛妃蘋果	Envy Apple	Envy	果肉切開不易變色，極脆極甜			[5,6,8,9,9,8,6,4,2,1,2,4]	[4,5,6,7,8]	[5,6]	15	2	38	53	0	9	7	4	Wax	Yes	#FF0000	進口	紐西蘭	口感極致硬脆，肉質紮實，不易氧化	便秘、口乾、疲勞	牙口不好（果肉硬）、胃寒	無特殊高風險	果皮紅帶黃斑（鏽斑是特色）	果形圓潤厚實	質地非常硬脆	香氣高雅，檢查有無撞傷	冷藏保存	切開後放30分鐘都不會氧化變黃，非常適合做沙拉。	果肉抗氧化能力強（不易變色），富含維生素C與纖維。	體面送禮,料理加工	美白抗氧化,順暢排便	維生素C與纖維含量均衡。
apple_rockit	蘋果	樂淇蘋果	Rockit Apple	管狀蘋果,小蘋果	管狀包裝的小蘋果，不用削皮整顆啃			[6,7,8,9,9,8,6,4,2,2,3,5]	[4,5,6,7,8]	[5,6]	14	3	36	52	0	9	5	4	Yes	Yes	#DC143C	進口	紐西蘭	口感極脆，肉質細緻，連皮可食	上班族疲勞、便秘	牙口不好（果肉硬）	無特殊高風險	果實極小（網球大）	果皮光滑鮮紅，裝在管中	脆度極高，硬實	檢查管內有無水氣（易發霉）	冷藏保存	號稱是世界上最小的蘋果，專為方便攜帶設計。	體積小攜帶方便，富含膳食纖維與多酚類物質。	懶人免動刀,家庭分享	順暢排便,幫助消化/解膩	連皮食用可攝取最多膳食纖維。
apple_honeycrisp	蘋果	蜜脆蘋果	Honeycrisp Apple	Honeycrisp	咬下去會發出喀滋聲，細胞壁爆裂的快感			[3,2,1,0,0,0,0,0,2,6,9,7]	[9,10,11]	[10]	14	5	38	52	0	9	6	4	Wax	Yes	#FF6347	進口	美國華盛頓	口感酥脆，汁多（細胞壁大），肉質粗	口渴心煩、便秘	牙口不好、胃寒	無特殊高風險	果皮紅黃相間	果點明顯	手感沉重（水分特多）	聞起來有清爽甜味	冷藏保存	它的細胞比一般蘋果大，所以咬下去汁水是用噴的。	水分含量高，細胞壁大，含有維生素C與鉀。	老饕最愛,生津解渴	順暢排便,舒壓助眠	水分極多且清脆，能提神解渴。
apple_pink_lady	蘋果	粉紅佳人蘋果	Pink Lady Apple	Pink Lady	酸甜分明，戀愛般的粉紅色澤	TRUE		[5,6,7,8,8,7,5,3,1,1,2,4]	[4,5,6,7]	[5,6]	13	7	35	54	0	8	6	3	Wax	Yes	#FF69B4	進口	紐西蘭	口感硬脆，酸甜分明，肉質紮實	消化不良、煩熱	胃酸過多	無特殊高風險	果皮呈現獨特粉紅色	果形端正，蒂頭深	口感硬脆，按壓不軟	帶有氣泡酒般的香氣	冷藏保存	它是唯一有註冊商標且有嚴格品質檢驗的蘋果品牌。	酸甜平衡，富含類黃酮、維生素C及果膠。	稀有嘗鮮,酸甜開胃	幫助消化/解膩,順暢排便	酸甜口感促進消化液分泌。
apple_kinsei	蘋果	金星蘋果	Kinsei Apple	牛奶蘋果,黃金蘋果	如奶油般的滑順口感，帶有牛奶香			[8,7,5,2,0,0,0,0,0,1,5,9]	[11,12,1]	[12]	15	2	38	55	0	7	8	5	Wax	Yes	#FFFFE0	進口	日本青森	口感較鬆軟，肉質細緻，酸度低	胃酸過多者、口乾	糖尿病、喜歡脆口感者	無特殊高風險	果皮金黃色（套袋栽培）	果點明顯	手感較輕（口感鬆軟）	有淡淡牛奶/奶油香	冷藏保存	因為顏色像金星一樣閃耀而得名，酸度極低。	酸度低，含有果糖、葡萄糖及維生素C。	體面送禮,螞蟻人	順暢排便,舒壓助眠	酸度極低，對胃部刺激較小（相較於酸蘋果）。
apple_orin	蘋果	王林蘋果	Orin Apple	綠蘋果,雀斑蘋果	香氣濃郁的青蘋果，幾乎無酸味			[9,8,6,2,0,0,0,0,0,2,6,9]	[11,12,1,2]	[11,12]	14	2	36	53	0	7	9	4	Wax	Yes	#9ACD32	進口	日本青森	口感鬆脆，肉質細緻，香氣濃	食慾不振、煩躁	喜歡脆口感者	無特殊高風險	果皮黃綠色	果點明顯（有雀斑是正常）	手感結實	有強烈果香，無油耗味	冷藏保存	被稱為「有格調的蘋果」，香氣是其最大特色。	香氣成分豐富，酸度低，含有鉀與膳食纖維。	體面送禮,螞蟻人	順暢排便,潤喉養肺	獨特濃郁香氣有助於放鬆心情。
apple_toki	蘋果	拓季蘋果	Toki Apple	水蜜桃蘋果	水蜜桃蘋果，粉嫩多汁，香氣迷人			[3,2,1,0,0,0,0,0,0,2,7,8]	[10,11]	[10]	15	3	38	52	0	8	7	4	Wax	Yes	#FFFF00	進口	日本青森	口感脆甜，多汁，肉質細緻	口乾、便秘	胃寒、糖尿病	無特殊高風險	果皮黃中透粉	果皮極薄，看得到果肉紋理	手感細緻，汁多	有水蜜桃香氣，檢查有無壓傷（皮薄易傷）	皮薄易傷，需小心冷藏	是王林跟富士的混種，遺傳了王林的香與富士的甜。	果皮薄，含有維生素C、多酚及水溶性纖維。	體面送禮,稀有嘗鮮	順暢排便,美白抗氧化	果皮薄易連皮吃，增加纖維攝取。
apple_sekai_ichi	蘋果	世界一蘋果	Sekai Ichi Apple	巨無霸蘋果	碩大無比，送禮霸氣，口感鬆軟	TRUE		[8,6,3,1,0,0,0,0,0,1,5,9]	[11,12,1]	[12]	13	2	35	50	0	6	5	5	Wax	Yes	#FF4500	進口	日本青森	口感偏鬆軟，肉質較粗，水分適中	煩熱口渴、便秘	脾胃虛寒	無特殊高風險	體型巨大（近1公斤）	果色鮮紅，蒂頭粗	敲起來聲音低沉（代表口感鬆）	香氣濃郁，檢查有無壓傷	冷藏保存	號稱世界最大的蘋果，但口感偏鬆軟，吃的是氣派。	果實巨大，提供碳水化合物、膳食纖維及微量維生素C。	拜拜祈福,體面送禮,家庭分享	舒壓助眠,順暢排便	大份量果糖提供充足熱量。
apple_mutsu	蘋果	陸奧蘋果	Mutsu Apple	慕茨蘋果	粉紅色的巨無霸，口感偏硬脆			[6,5,3,1,0,0,0,0,0,2,6,8]	[11,12,1]	[11]	13	4	36	51	0	7	6	4	Wax	Yes	#FFC0CB	進口	日本青森	口感硬脆，肉質紮實，體型大	食積不化、便秘	牙口不好	無特殊高風險	果皮粉紅帶黃	體型大，圓錐狀	質地硬脆，重量感足	聞蒂頭有酸甜香氣	冷藏保存	以前為了祝賀日本皇室婚禮而培育的品種。	口感硬脆，含有維生素C、鉀及蘋果多酚。	體面送禮,家庭分享	順暢排便	鉀離子含量適中，助排鈉。
custardapple_bigeye	釋迦	大目釋迦	Big Eye Sugar Apple	釋迦,番利	傳統釋迦，口感綿密香甜，剝皮即食		TRUE	[8,9,10,8,2,0,1,6,9,10,9,8]	[8,9,10,11,12,1,2,3]	[9,1]	22	2	55	95	1	5	6	3	No	No	#9ACD32	國產	台東太麻里	口感綿密，像奶油，甜度極高	體虛消瘦、需補充熱量	糖尿病、腎臟病（高鉀）、便秘	**高糖/高鉀**。	鱗目大且平整	溝紋呈乳黃色（代表熟）	按壓軟熟（才可吃）	濃郁甜香，沒熟千萬別冰	室溫催熟，軟了才能冰	沒熟千萬不能冰，一冰就變成「啞巴果」再也不會熟。	碳水化合物與鉀含量極高，含有維生素C與蛋白質。	螞蟻人,老饕最愛,軟糯好咬	舒壓助眠,美白抗氧化,血壓調節	極高碳水化合物與熱量，快速恢復體力。
custardapple_pineapple	釋迦	鳳梨釋迦	Atemoya	旺來釋迦	口感Q彈像軟糖，帶有鳳梨香氣	TRUE		[10,10,9,5,0,0,0,0,0,0,2,8]	[11,12,1,2,3,4]	[12,1]	24	3	58	104	1	5	7	3	No	No	#32CD32	國產	台東卑南	口感Q彈，像軟糖，肉質紮實	疲勞、便秘、維C缺乏	糖尿病、腎臟病、濕熱體質	**高糖/高鉀**。	果皮光滑連在一起	外觀鮮綠，鱗目不明顯	按壓微軟（像橡皮擦）	鳳梨酸甜香，變軟後才可切	室溫催熟，軟後切塊冷藏	是唯一可以切片吃的釋迦品種，冰過像冰淇淋。	膳食纖維豐富，維生素C含量是蘋果的數倍，高糖高鉀。	體面送禮,螞蟻人	美白抗氧化,舒壓助眠,護眼明目	膳食纖維含量極高；維生素C是蘋果的數倍。
														354																							
														2																							
														50																							